Report Date/Time: 11/03/2014 02:52 PM,,,,,Revised to Reflect Precinct Adjustment to LD 4 & LD 13,,,,,,,,Page Number 1,
,,,,,STATE OF ARIZONA REGISTRATION REPORT,,,,,,,,,
,,,,,,,"2014 General Election - November 4, 2014",,,,,,,
,,,,,,,Compiled and Issued by the Arizona Secretary of State,,,,,,,
,,,,,,ACTIVE,,,,,,,,
,,Precincts,Date/Period,,,,,,,,,Other,TOTAL,
,,,,Americans ,,,,Democratic,Green,Libertarian,Republican,,,
,,,,0,,,,"26,529",37,164,"7,597",,,
,Apache,45,G.E. 2012,,,,,,,,,"11,541","45,868",
,,,,4,,,,"25,686",*,137,"7,114",,,
,,45,P.E. 2014,,,,,,,,,"12,138","45,079",
,,,,4,,,,"26,351",*,148,"7,267",,,
,,45,G.E. 2014,,,,,,,,,"12,411","46,181",
,,,,8,,,,"22,577",136,365,"30,257",,,
,Cochise,49,G.E. 2012,,,,,,,,,"27,029","80,372",
,,,,10,,,,"18,551",*,421,"25,133",,,
,,49,P.E. 2014,,,,,,,,,"23,304","67,419",
,,,,11,,,,"18,784",*,431,"25,463",,,
,,49,G.E. 2014,,,,,,,,,"23,923","68,612",
,,,,2,,,,"26,855",249,811,"18,624",,,
,Coconino,71,G.E. 2012,,,,,,,,,"23,057","69,598",
,,,,5,,,,"25,243",*,755,"17,348",,,
,,71,P.E. 2014,,,,,,,,,"23,558","66,909",
,,,,5,,,,"26,055",*,776,"17,863",,,
,,71,G.E. 2014,,,,,,,,,"26,020","70,719",
,,,,1,,,,"11,369",30,161,"12,121",,,
,Gila,39,G.E. 2012,,,,,,,,,"8,479","32,161",
,,,,1,,,,"9,618",*,155,"10,844",,,
,,39,P.E. 2014,,,,,,,,,"8,210","28,828",
,,,,2,,,,"9,717",*,160,"11,110",,,
,,39,G.E. 2014,,,,,,,,,"8,483","29,472",
,,,,0,,,,"6,009",4,49,"7,514",,,
,Graham,22,G.E. 2012,,,,,,,,,"3,676","17,252",
,,,,1,,,,"5,748",*,54,"7,369",,,
,,22,P.E. 2014,,,,,,,,,"4,202","17,374",
,,,,2,,,,"5,727",*,58,"7,454",,,
,,22,G.E. 2014,,,,,,,,,"4,300","17,541",
,,,,0,,,,"2,283",3,21,"1,091",,,
,Greenlee,8,G.E. 2012,,,,,,,,,964,"4,362",
,,,,0,,,,"2,125",*,22,"1,081",,,
,,8,P.E. 2014,,,,,,,,,"1,111","4,339",
,,,,0,,,,"2,115",*,22,"1,094",,,
,,8,G.E. 2014,,,,,,,,,"1,151","4,382",
,,,,1,,,,"2,659",18,26,"3,499",,,
,La Paz,12,G.E. 2012,,,,,,,,,"3,554","9,757",
,,,,1,,,,"2,225",*,36,"3,240",,,
,,11,P.E. 2014,,,,,,,,,"3,441","8,943",
,,,,1,,,,"2,228",*,39,"3,289",,,
,,11,G.E. 2014,,,,,,,,,"3,504","9,061",
,,,,155,,,,"509,540","2,396","13,721","685,627",,,
,Maricopa,724,G.E. 2012,,,,,,,,,"606,393","1,817,832",
,,,,268,,,,"529,682",*,"17,731","709,085",,,
,,724,P.E. 2014,,,,,,,,,"717,662","1,974,428",
,,,,298,,,,"515,376",*,"17,205","694,850",,,
,,724,G.E. 2014,,,,,,,,,"708,000","1,935,729",
,,,,7,,,,"24,911",115,577,"47,134",,,
,Mohave,73,G.E. 2012,,,,,,,,,"42,766","115,510",
,,,,15,,,,"23,020",*,640,"46,094",,,
,,73,P.E. 2014,,,,,,,,,"46,142","115,911",
,,,,14,,,,"23,072",*,664,"46,633",,,
,,73,G.E. 2014,,,,,,,,,"47,214","117,597",
,,,,1,,,,"24,435",56,342,"19,134",,,
,Navajo,61,G.E. 2012,,,,,,,,,"15,579","59,547",
,,,,8,,,,"22,504",*,355,"17,171",,,
,,61,P.E. 2014,,,,,,,,,"15,376","55,414",
,,,,8,,,,"22,979",*,366,"17,523",,,
,,61,G.E. 2014,,,,,,,,,"15,849","56,725",
,,,,38,,,,"186,040","1,296","3,643","154,358",,,
,Pima,288,G.E. 2012,,,,,,,,,"150,272","495,647",
,,,,56,,,,"176,195",*,"3,949","148,928",,,
,,248,P.E. 2014,,,,,,,,,"158,992","488,120",
,,,,57,,,,"179,046",*,"4,026","151,097",,,
,,248,G.E. 2014,,,,,,,,,"164,431","498,657",
,,,,14,,,,"44,623",177,906,"52,118",,,
,Pinal,102,G.E. 2012,,,,,,,,,"55,218","153,056",
,,,,12,,,,"42,642",*,"1,072","50,724",,,
,,102,P.E. 2014,,,,,,,,,"60,117","154,567",
,,,,15,,,,"43,310",*,"1,114","51,801",,,
,,102,G.E. 2014,,,,,,,,,"62,100","158,340",
,,,,0,,,,"12,227",29,128,"4,056",,,
,Santa Cruz,24,G.E. 2012,,,,,,,,,"7,622","24,062",
,,,,0,,,,"11,258",*,126,"3,600",,,
,,24,P.E. 2014,,,,,,,,,"7,377","22,361",
,,,,0,,,,"11,385",*,124,"3,661",,,
,,24,G.E. 2014,,,,,,,,,"7,499","22,669",
,,,,4,,,,"26,664",270,836,"55,369",,,
,Yavapai,107,G.E. 2012,,,,,,,,,"41,013","124,156",
,,,,12,,,,"24,720",*,941,"53,116",,,
,,45,P.E. 2014,,,,,,,,,"42,760","121,549",
,,,,10,,,,"24,676",*,944,"53,512",,,
,,45,G.E. 2014,,,,,,,,,"44,159","123,301",
,,,,6,,,,"26,210",47,336,"22,493",,,
,Yuma,42,G.E. 2012,,,,,,,,,"26,440","75,532",
,,,,6,,,,"25,448",*,521,"21,876",,,
,,44,P.E. 2014,,,,,,,,,"28,054","75,905",
,,,,6,,,,"25,596",*,512,"22,096",,,
,,44,G.E. 2014,,,,,,,,,"28,767","76,977",
,,,,237,,,,"952,931","4,863","22,086","1,120,992",,,
,TOTALS:,"1,667",G.E. 2012,,,,,,,,,"1,023,603","3,124,712",
,,,,399,,,,"944,665",*,"26,915","1,122,723",,,
,,"1,566",P.E. 2014,,,,,,,,,"1,152,444","3,247,146",
,,,,433,,,,"936,417",*,"26,589","1,114,713",,,
,,"1,566",G.E. 2014,,,,,,,,,"1,157,811","3,235,963",
,,,,0.01,,,,30.5,0.16,0.71,35.88,,,
,PERCENTAGES:,,G.E. 2012,,,,,,,,,32.76,,
,,,,0.01,,,,29.09,*,0.83,34.58,,,
,,,P.E. 2014,,,,,,,,,35.49,,
,,,,0.01,,,,28.94,*,0.82,34.45,,,
,,,G.E. 2014,,,,,,,,,35.78,,
,* - Party was not a recognized party during this cycle,,,,,,,,,,,,,
Report Date/Time: 11/03/2014 02:52 PM,,,,,,,Revised to Reflect Precinct Adjustment to LD 4 & LD 13,,,,,,,Page Number 2
,,,,,,,STATE OF ARIZONA REGISTRATION REPORT,,,,,,,
,,,,,,,,,"2014 General Election - November 4, 2014",,,,,
,,,,,,,,,Compiled and Issued by the Arizona Secretary of State,,,,,
,,,,,,,,ACTIVE,,,,,,
,Congressional,,,,Precincts,,,,,,,,Other,TOTAL
,,,,,,Americans Elect,,,,Democratic,Libertarian,Republican,,
,,Congressional District 1,,,,,,,,,,,,
,,,,,,4,,,,"26,351",148,"7,267",,
,,,Apache,,45,,,,,,,,"12,411","46,181"
,,,,,,5,,,,"26,055",776,"17,863",,
,,,Coconino,,71,,,,,,,,"26,020","70,719"
,,,,,,1,,,,"6,553",51,"2,643",,
,,,Gila,,22,,,,,,,,"3,680","12,928"
,,,,,,2,,,,"5,727",58,"7,454",,
,,,Graham,,22,,,,,,,,"4,300","17,541"
,,,,,,0,,,,"2,115",22,"1,094",,
,,,Greenlee,,8,,,,,,,,"1,151","4,382"
,,,,,,0,,,,452,10,62,,
,,,Maricopa,,3,,,,,,,,410,934
,,,,,,0,,,,286,1,124,,
,,,Mohave,,2,,,,,,,,304,715
,,,,,,8,,,,"22,979",366,"17,523",,
,,,Navajo,,61,,,,,,,,"15,849","56,725"
,,,,,,2,,,,"14,848",378,"24,590",,
,,,Pima,,26,,,,,,,,"18,600","58,418"
,,,,,,5,,,,"27,528",560,"25,640",,
,,,Pinal,,60,,,,,,,,"31,932","85,665"
,,,,,,1,,,,"4,439",152,"6,069",,
,,,Yavapai,,7,,,,,,,,"7,058","17,719"
,,,,,327,,,,,,,,"121,715","371,927"
,,,,TOTALS,,28,,,,"137,333","2,522","110,329",,
,,Congressional District 2,,,,,,,,,,,,
,,,,,,11,,,,"18,784",431,"25,463",,
,,,Cochise,,49,,,,,,,,"23,923","68,612"
,,,,,,38,,,,"106,024","2,590","102,898",,
,,,Pima,,145,,,,,,,,"102,050","313,600"
,,,,,194,,,,,,,,"125,973","382,212"
,,,,TOTALS,,49,,,,"124,808","3,021","128,361",,
,,Congressional District 3,,,,,,,,,,,,
,,,,,,11,,,,"30,230",798,"23,576",,
,,,Maricopa,,46,,,,,,,,"37,898","92,513"
,,,,,,17,,,,"58,174","1,058","23,609",,
,,,Pima,,77,,,,,,,,"43,781","126,639"
,,,,,,0,,,,128,0,12,,
,,,Pinal,,1,,,,,,,,53,193
,,,,,,0,,,,"11,385",124,"3,661",,
,,,Santa Cruz,,24,,,,,,,,"7,499","22,669"
,,,,,,2,,,,"19,027",309,"10,147",,
,,,Yuma,,29,,,,,,,,"18,113","47,598"
,,,,,177,,,,,,,,"107,344","289,612"
,,,,TOTALS,,30,,,,"118,944","2,289","61,005",,
,,Congressional District 4,,,,,,,,,,,,
,,,,,,1,,,,"3,164",109,"8,467",,
,,,Gila,,17,,,,,,,,"4,803","16,544"
,,,,,,1,,,,"2,228",39,"3,289",,
,,,La Paz,,11,,,,,,,,"3,504","9,061"
,,,,,,6,,,,"4,186",162,"9,797",,
,,,Maricopa,,18,,,,,,,,"7,813","21,964"
,,,,,,14,,,,"22,786",663,"46,509",,
,,,Mohave,,71,,,,,,,,"46,910","116,882"
,,,,,,10,,,,"15,654",554,"26,149",,
,,,Pinal,,41,,,,,,,,"30,115","72,482"
,,,,,,9,,,,"20,237",792,"47,443",,
,,,Yavapai,,38,,,,,,,,"37,101","105,582"
,,,,,,4,,,,"6,569",203,"11,949",,
,,,Yuma,,15,,,,,,,,"10,654","29,379"
,,,,,211,,,,,,,,"140,900","371,894"
,,,,TOTALS,,45,,,,"74,824","2,522","153,603",,
,,Congressional District 5,,,,,,,,,,,,
,,,,,,69,,,,"81,979","3,237","176,898",,
,,,Maricopa,,113,,,,,,,,"143,417","405,600"
,,,,,113,,,,,,,,"143,417","405,600"
,,,,TOTALS,,69,,,,"81,979","3,237","176,898",,
,,Congressional District 6,,,,,,,,,,,,
,,,,,,61,,,,"94,708","3,513","167,806",,
,,,Maricopa,,156,,,,,,,,"147,603","413,691"
,,,,,156,,,,,,,,"147,603","413,691"
,,,,TOTALS,,61,,,,"94,708","3,513","167,806",,
,,Congressional District 7,,,,,,,,,,,,
,,,,,,31,,,,"102,189","2,602","38,695",,
,,,Maricopa,,105,,,,,,,,"95,372","238,889"
,,,,,105,,,,,,,,"95,372","238,889"
,,,,TOTALS,,31,,,,"102,189","2,602","38,695",,
,,Congressional District 8,,,,,,,,,,,,
,,,,,,57,,,,"93,987","2,858","160,373",,
,,,Maricopa,,142,,,,,,,,"140,424","397,699"
,,,,,142,,,,,,,,"140,424","397,699"
,,,,TOTALS,,57,,,,"93,987","2,858","160,373",,
,,Congressional District 9,,,,,,,,,,,,
,,,,,,63,,,,"107,645","4,025","117,643",,
,,,Maricopa,,141,,,,,,,,"135,063","364,439"
,,,,,141,,,,,,,,"135,063","364,439"
,,,,TOTALS,,63,,,,"107,645","4,025","117,643",,
,,,,STATE TOTALS,,433,,,,"936,417","26,589","1,114,713",,
,,,,,"1,566",,,,,,,,"1,157,811","3,235,963"
Report Date/Time: 11/03/2014 02:52 PM,,,,,,,Revised to Reflect Precinct Adjustment to LD 4 & LD 13,,,,,,,Page Number 3
,,,,,,,STATE OF ARIZONA REGISTRATION REPORT,,,,,,,
,,,,,,,,,"2014 General Election - November 4, 2014",,,,,
,,,,,,,,,Compiled and Issued by the Arizona Secretary of State,,,,,
,,,,,,,,ACTIVE,,,,,,
,Legislative,,,,Precincts,,,,,,,,Other,TOTAL
,,,,,,Americans Elect,,,,Democratic,Libertarian,Republican,,
,,Legislative District 1,,,,,,,,,,,,
,,,,,,6,,,,"6,799",321,"18,609",,
,,,Maricopa,,14,,,,,,,,"14,190","39,925"
,,,,,,7,,,,"16,184",699,"41,223",,
,,,Yavapai,,35,,,,,,,,"30,409","88,522"
,,,,,49,,,,,,,,"44,599","128,447"
,,,,TOTALS,,13,,,,"22,983","1,020","59,832",,
,,Legislative District 2,,,,,,,,,,,,
,,,,,,13,,,,"24,211",449,"17,811",,
,,,Pima,,33,,,,,,,,"23,545","66,029"
,,,,,,0,,,,"11,385",124,"3,661",,
,,,Santa Cruz,,24,,,,,,,,"7,499","22,669"
,,,,,57,,,,,,,,"31,044","88,698"
,,,,TOTALS,,13,,,,"35,596",573,"21,472",,
,,Legislative District 3,,,,,,,,,,,,
,,,,,,12,,,,"40,058",762,"15,194",,
,,,Pima,,41,,,,,,,,"29,315","85,341"
,,,,,41,,,,,,,,"29,315","85,341"
,,,,TOTALS,,12,,,,"40,058",762,"15,194",,
,,Legislative District 4,,,,,,,,,,,,
,,,,,,5,,,,"7,053",209,"8,512",,
,,,Maricopa,,18,,,,,,,,"10,256","26,035"
,,,,,,2,,,,"6,730",79,"2,178",,
,,,Pima,,17,,,,,,,,"4,626","13,615"
,,,,,,0,,,,128,0,12,,
,,,Pinal,,1,,,,,,,,53,193
,,,,,,2,,,,"16,998",253,"7,793",,
,,,Yuma,,23,,,,,,,,"15,486","40,532"
,,,,,59,,,,,,,,"30,421","80,375"
,,,,TOTALS,,9,,,,"30,909",541,"18,495",,
,,Legislative District 5,,,,,,,,,,,,
,,,,,,1,,,,"2,228",39,"3,289",,
,,,La Paz,,11,,,,,,,,"3,504","9,061"
,,,,,,14,,,,"22,786",663,"46,509",,
,,,Mohave,,71,,,,,,,,"46,910","116,882"
,,,,,82,,,,,,,,"50,414","125,943"
,,,,TOTALS,,15,,,,"25,014",702,"49,798",,
,,Legislative District 6,,,,,,,,,,,,
,,,,,,5,,,,"15,461",574,"13,778",,
,,,Coconino,,45,,,,,,,,"19,405","49,223"
,,,,,,1,,,,"3,211",109,"8,558",,
,,,Gila,,18,,,,,,,,"4,862","16,741"
,,,,,,2,,,,"2,899",82,"7,637",,
,,,Navajo,,16,,,,,,,,"3,533","14,153"
,,,,,,3,,,,"8,492",245,"12,289",,
,,,Yavapai,,10,,,,,,,,"13,750","34,779"
,,,,,89,,,,,,,,"41,550","114,896"
,,,,TOTALS,,11,,,,"30,063","1,010","42,262",,
,,Legislative District 7,,,,,,,,,,,,
,,,,,,4,,,,"26,351",148,"7,267",,
,,,Apache,,45,,,,,,,,"12,411","46,181"
,,,,,,0,,,,"10,594",202,"4,085",,
,,,Coconino,,26,,,,,,,,"6,615","21,496"
,,,,,,0,,,,"2,128",9,203,,
,,,Gila,,3,,,,,,,,"1,078","3,418"
,,,,,,0,,,,"1,445",3,199,,
,,,Graham,,2,,,,,,,,657,"2,304"
,,,,,,0,,,,286,1,124,,
,,,Mohave,,2,,,,,,,,304,715
,,,,,,6,,,,"20,080",284,"9,886",,
,,,Navajo,,45,,,,,,,,"12,316","42,572"
,,,,,,0,,,,0,0,0,,
,,,Pinal,,1,,,,,,,,0,0
,,,,,124,,,,,,,,"33,381","116,686"
,,,,TOTALS,,10,,,,"60,884",647,"21,764",,
,,Legislative District 8,,,,,,,,,,,,
,,,,,,1,,,,"4,378",42,"2,349",,
,,,Gila,,18,,,,,,,,"2,543","9,313"
,,,,,,2,,,,"23,060",447,"20,888",,
,,,Pinal,,51,,,,,,,,"26,908","71,305"
,,,,,69,,,,,,,,"29,451","80,618"
,,,,TOTALS,,3,,,,"27,438",489,"23,237",,
,,Legislative District 9,,,,,,,,,,,,
,,,,,,9,,,,"41,637","1,044","36,815",,
,,,Pima,,57,,,,,,,,"37,491","116,996"
,,,,,57,,,,,,,,"37,491","116,996"
,,,,TOTALS,,9,,,,"41,637","1,044","36,815",,
,,Legislative District 10,,,,,,,,,,,,
,,,,,,14,,,,"41,454",952,"37,788",,
,,,Pima,,49,,,,,,,,"37,198","117,406"
,,,,,49,,,,,,,,"37,198","117,406"
,,,,TOTALS,,14,,,,"41,454",952,"37,788",,
,,Legislative District 11,,,,,,,,,,,,
,,,,,,3,,,,"18,769",507,"29,855",,
,,,Pima,,34,,,,,,,,"23,109","72,243"
,,,,,,5,,,,"11,371",381,"15,395",,
,,,Pinal,,27,,,,,,,,"17,961","45,113"
,,,,,61,,,,,,,,"41,070","117,356"
,,,,TOTALS,,8,,,,"30,140",888,"45,250",,
,,Legislative District 12,,,,,,,,,,,,
,,,,,,12,,,,"24,018","1,079","59,722",,
,,,Maricopa,,34,,,,,,,,"44,579","129,410"
,,,,,,0,,,,231,12,549,,
,,,Pinal,,1,,,,,,,,476,"1,268"
,,,,,35,,,,,,,,"45,055","130,678"
,,,,TOTALS,,12,,,,"24,249","1,091","60,271",,
Report Date/Time: 11/03/2014 02:52 PM,,,,,,,Revised to Reflect Precinct Adjustment to LD 4 & LD 13,,,,,,,Page Number 4
,,,,,,,STATE OF ARIZONA REGISTRATION REPORT,,,,,,,
,,,,,,,,,"2014 General Election - November 4, 2014",,,,,
,,,,,,,,,Compiled and Issued by the Arizona Secretary of State,,,,,
,,,,,,,,ACTIVE,,,,,,
,Legislative,,,,Precincts,,,,,,,,Other,TOTAL
,,,,,,Americans Elect,,,,Democratic,Libertarian,Republican,,
,,Legislative District 13,,,,,,,,,,,,
,,,,,,11,,,,"14,855",510,"26,677",,
,,,Maricopa,,29,,,,,,,,"24,676","66,729"
,,,,,,0,,,,0,0,0,,
,,,Yavapai,,0,,,,,,,,0,0
,,,,,,4,,,,"8,598",259,"14,303",,
,,,Yuma,,21,,,,,,,,"13,281","36,445"
,,,,,50,,,,,,,,"37,957","103,174"
,,,,TOTALS,,15,,,,"23,453",769,"40,980",,
,,Legislative District 14,,,,,,,,,,,,
,,,,,,11,,,,"18,784",431,"25,463",,
,,,Cochise,,49,,,,,,,,"23,923","68,612"
,,,,,,2,,,,"4,282",55,"7,255",,
,,,Graham,,20,,,,,,,,"3,643","15,237"
,,,,,,0,,,,"2,115",22,"1,094",,
,,,Greenlee,,8,,,,,,,,"1,151","4,382"
,,,,,,4,,,,"6,187",233,"11,456",,
,,,Pima,,17,,,,,,,,"9,147","27,027"
,,,,,94,,,,,,,,"37,864","115,258"
,,,,TOTALS,,17,,,,"31,368",741,"45,268",,
,,Legislative District 15,,,,,,,,,,,,
,,,,,,23,,,,"27,367","1,112","53,625",,
,,,Maricopa,,42,,,,,,,,"44,756","126,883"
,,,,,42,,,,,,,,"44,756","126,883"
,,,,TOTALS,,23,,,,"27,367","1,112","53,625",,
,,Legislative District 16,,,,,,,,,,,,
,,,,,,18,,,,"14,807",546,"28,134",,
,,,Maricopa,,19,,,,,,,,"27,665","71,170"
,,,,,,8,,,,"8,520",274,"14,957",,
,,,Pinal,,21,,,,,,,,"16,702","40,461"
,,,,,40,,,,,,,,"44,367","111,631"
,,,,TOTALS,,26,,,,"23,327",820,"43,091",,
,,Legislative District 17,,,,,,,,,,,,
,,,,,,28,,,,"29,661","1,002","46,874",,
,,,Maricopa,,39,,,,,,,,"46,438","124,003"
,,,,,39,,,,,,,,"46,438","124,003"
,,,,TOTALS,,28,,,,"29,661","1,002","46,874",,
,,Legislative District 18,,,,,,,,,,,,
,,,,,,15,,,,"37,426","1,288","48,127",,
,,,Maricopa,,42,,,,,,,,"47,721","134,577"
,,,,,42,,,,,,,,"47,721","134,577"
,,,,TOTALS,,15,,,,"37,426","1,288","48,127",,
,,Legislative District 19,,,,,,,,,,,,
,,,,,,7,,,,"29,087",715,"13,212",,
,,,Maricopa,,28,,,,,,,,"31,370","74,391"
,,,,,28,,,,,,,,"31,370","74,391"
,,,,TOTALS,,7,,,,"29,087",715,"13,212",,
,,Legislative District 20,,,,,,,,,,,,
,,,,,,20,,,,"30,071","1,102","40,865",,
,,,Maricopa,,47,,,,,,,,"40,367","112,425"
,,,,,47,,,,,,,,"40,367","112,425"
,,,,TOTALS,,20,,,,"30,071","1,102","40,865",,
,,Legislative District 21,,,,,,,,,,,,
,,,,,,20,,,,"30,641",779,"41,789",,
,,,Maricopa,,42,,,,,,,,"41,340","114,569"
,,,,,42,,,,,,,,"41,340","114,569"
,,,,TOTALS,,20,,,,"30,641",779,"41,789",,
,,Legislative District 22,,,,,,,,,,,,
,,,,,,12,,,,"27,935",775,"58,739",,
,,,Maricopa,,48,,,,,,,,"45,790","133,251"
,,,,,48,,,,,,,,"45,790","133,251"
,,,,TOTALS,,12,,,,"27,935",775,"58,739",,
,,Legislative District 23,,,,,,,,,,,,
,,,,,,13,,,,"29,690","1,013","65,543",,
,,,Maricopa,,57,,,,,,,,"52,029","148,288"
,,,,,57,,,,,,,,"52,029","148,288"
,,,,TOTALS,,13,,,,"29,690","1,013","65,543",,
,,Legislative District 24,,,,,,,,,,,,
,,,,,,22,,,,"33,859","1,083","20,877",,
,,,Maricopa,,40,,,,,,,,"33,838","89,679"
,,,,,40,,,,,,,,"33,838","89,679"
,,,,TOTALS,,22,,,,"33,859","1,083","20,877",,
,,Legislative District 25,,,,,,,,,,,,
,,,,,,21,,,,"24,504","1,039","55,033",,
,,,Maricopa,,37,,,,,,,,"40,948","121,545"
,,,,,37,,,,,,,,"40,948","121,545"
,,,,TOTALS,,21,,,,"24,504","1,039","55,033",,
,,Legislative District 26,,,,,,,,,,,,
,,,,,,19,,,,"26,342","1,187","20,853",,
,,,Maricopa,,34,,,,,,,,"36,473","84,874"
,,,,,34,,,,,,,,"36,473","84,874"
,,,,TOTALS,,19,,,,"26,342","1,187","20,853",,
,,Legislative District 27,,,,,,,,,,,,
,,,,,,11,,,,"36,279",664,"10,701",,
,,,Maricopa,,35,,,,,,,,"31,478","79,133"
,,,,,35,,,,,,,,"31,478","79,133"
,,,,TOTALS,,11,,,,"36,279",664,"10,701",,
,,Legislative District 28,,,,,,,,,,,,
,,,,,,19,,,,"33,837","1,180","48,204",,
,,,Maricopa,,57,,,,,,,,"39,896","123,136"
,,,,,57,,,,,,,,"39,896","123,136"
,,,,TOTALS,,19,,,,"33,837","1,180","48,204",,
Report Date/Time: 11/03/2014 02:52 PM,,,,,,,Revised to Reflect Precinct Adjustment to LD 4 & LD 13,,,,,,,Page Number 5
,,,,,,,STATE OF ARIZONA REGISTRATION REPORT,,,,,,,
,,,,,,,,,"2014 General Election - November 4, 2014",,,,,
,,,,,,,,,Compiled and Issued by the Arizona Secretary of State,,,,,
,,,,,,,,ACTIVE,,,,,,
,Legislative,,,,Precincts,,,,,,,,Other,TOTAL
,,,,,,Americans Elect,,,,Democratic,Libertarian,Republican,,
,,Legislative District 29,,,,,,,,,,,,
,,,,,,10,,,,"26,067",819,"13,822",,
,,,Maricopa,,33,,,,,,,,"27,654","68,372"
,,,,,33,,,,,,,,"27,654","68,372"
,,,,TOTALS,,10,,,,"26,067",819,"13,822",,
,,Legislative District 30,,,,,,,,,,,,
,,,,,,6,,,,"25,078",782,"14,932",,
,,,Maricopa,,29,,,,,,,,"26,536","67,334"
,,,,,29,,,,,,,,"26,536","67,334"
,,,,TOTALS,,6,,,,"25,078",782,"14,932",,
,,,,STATE TOTALS,,433,,,,"936,417","26,589","1,114,713",,
,,,,,"1,566",,,,,,,,"1,157,811","3,235,963"
Report Date/Time: 11/03/2014 02:52 PM,,,,,Revised to Reflect Precinct Adjustment to LD 4 & LD 13,,,,,,,Page Number 6,,
,,,,,STATE OF ARIZONA REGISTRATION REPORT,,,,,,,,,
,,,,,,,"2014 General Election - November 4, 2014",,,,,,,
,,,,,,,Compiled and Issued by the Arizona Secretary of State,,,,,,,
,,,,,INACTIVE,,,,,,,,,
,,Precincts,Date/Period,,,,,,,,Other,TOTAL,,
,,,,Americans ,,,Democratic,Green,Libertarian,Republican,,,,
,,,,0,,,"2,636",13,22,978,,,,
,Apache,45,G.E. 2012,,,,,,,,"1,347","4,996",,
,,,,0,,,"2,921",*,31,"1,059",,,,
,,45,P.E. 2014,,,,,,,,"1,735","5,746",,
,,,,0,,,"2,683",*,31,"1,026",,,,
,,45,G.E. 2014,,,,,,,,"1,613","5,353",,
,,,,1,,,723,8,12,694,,,,
,Cochise,49,G.E. 2012,,,,,,,,992,"2,430",,
,,,,3,,,"2,706",*,83,"3,368",,,,
,,49,P.E. 2014,,,,,,,,"4,739","10,899",,
,,,,2,,,"2,584",*,80,"3,180",,,,
,,49,G.E. 2014,,,,,,,,"4,553","10,399",,
,,,,0,,,"5,068",108,267,"3,118",,,,
,Coconino,71,G.E. 2012,,,,,,,,"6,422","14,983",,
,,,,0,,,"4,654",*,263,"3,062",,,,
,,71,P.E. 2014,,,,,,,,"7,381","15,360",,
,,,,0,,,"4,488",*,255,"3,021",,,,
,,71,G.E. 2014,,,,,,,,"7,030","14,794",,
,,,,0,,,993,5,14,615,,,,
,Gila,39,G.E. 2012,,,,,,,,674,"2,301",,
,,,,1,,,"1,297",*,34,"1,511",,,,
,,39,P.E. 2014,,,,,,,,"1,640","4,483",,
,,,,1,,,"1,193",*,30,"1,359",,,,
,,39,G.E. 2014,,,,,,,,"1,548","4,131",,
,,,,0,,,"1,034",3,23,"1,236",,,,
,Graham,22,G.E. 2012,,,,,,,,989,"3,285",,
,,,,0,,,849,*,21,"1,165",,,,
,,22,P.E. 2014,,,,,,,,999,"3,034",,
,,,,0,,,822,*,22,"1,112",,,,
,,22,G.E. 2014,,,,,,,,963,"2,919",,
,,,,0,,,207,0,2,148,,,,
,Greenlee,8,G.E. 2012,,,,,,,,158,515,,
,,,,0,,,166,*,2,103,,,,
,,8,P.E. 2014,,,,,,,,153,424,,
,,,,0,,,170,*,3,102,,,,
,,8,G.E. 2014,,,,,,,,153,428,,
,,,,0,,,267,1,7,262,,,,
,La Paz,12,G.E. 2012,,,,,,,,334,871,,
,,,,0,,,573,*,12,592,,,,
,,11,P.E. 2014,,,,,,,,887,"2,064",,
,,,,0,,,566,*,12,579,,,,
,,11,G.E. 2014,,,,,,,,878,"2,035",,
,,,,10,,,"105,262",729,"4,578","97,674",,,,
,Maricopa,724,G.E. 2012,,,,,,,,"165,437","373,690",,
,,,,23,,,"74,338",*,"3,304","67,169",,,,
,,724,P.E. 2014,,,,,,,,"128,881","273,715",,
,,,,34,,,"89,335",*,"4,072","83,945",,,,
,,724,G.E. 2014,,,,,,,,"151,562","328,948",,
,,,,0,,,"4,360",29,80,"5,551",,,,
,Mohave,73,G.E. 2012,,,,,,,,"6,929","16,949",,
,,,,0,,,"4,780",*,108,"6,033",,,,
,,73,P.E. 2014,,,,,,,,"8,648","19,569",,
,,,,0,,,"4,715",*,106,"5,930",,,,
,,73,G.E. 2014,,,,,,,,"8,499","19,250",,
,,,,0,,,"2,778",15,69,"2,409",,,,
,Navajo,61,G.E. 2012,,,,,,,,"2,535","7,806",,
,,,,0,,,"3,489",*,78,"3,154",,,,
,,61,P.E. 2014,,,,,,,,"3,408","10,129",,
,,,,0,,,"3,151",*,75,"2,914",,,,
,,61,G.E. 2014,,,,,,,,"3,227","9,367",,
,,,,2,,,"34,857",415,"1,148","23,156",,,,
,Pima,288,G.E. 2012,,,,,,,,"40,484","100,062",,
,,,,8,,,"30,504",*,"1,021","21,979",,,,
,,248,P.E. 2014,,,,,,,,"38,459","91,971",,
,,,,8,,,"28,778",*,975,"20,487",,,,
,,248,G.E. 2014,,,,,,,,"36,786","87,034",,
,,,,0,,,"11,564",51,246,"9,279",,,,
,Pinal,102,G.E. 2012,,,,,,,,"15,646","36,786",,
,,,,3,,,"11,234",*,268,"9,501",,,,
,,102,P.E. 2014,,,,,,,,"17,415","38,421",,
,,,,3,,,"10,804",*,258,"9,059",,,,
,,102,G.E. 2014,,,,,,,,"16,868","36,992",,
,,,,0,,,659,9,11,247,,,,
,Santa Cruz,24,G.E. 2012,,,,,,,,581,"1,507",,
,,,,0,,,"1,497",*,17,507,,,,
,,24,P.E. 2014,,,,,,,,"1,394","3,415",,
,,,,0,,,"1,448",*,17,497,,,,
,,24,G.E. 2014,,,,,,,,"1,387","3,349",,
,,,,1,,,"4,764",87,237,"6,300",,,,
,Yavapai,107,G.E. 2012,,,,,,,,"9,426","20,815",,
,,,,3,,,"5,448",*,300,"7,978",,,,
,,45,P.E. 2014,,,,,,,,"12,661","26,390",,
,,,,5,,,"5,466",*,310,"7,947",,,,
,,45,G.E. 2014,,,,,,,,"12,275","26,003",,
,,,,0,,,"3,766",20,119,"4,040",,,,
,Yuma,42,G.E. 2012,,,,,,,,"5,709","13,654",,
,,,,0,,,"4,441",*,129,"4,313",,,,
,,44,P.E. 2014,,,,,,,,"7,022","15,905",,
,,,,0,,,"4,398",*,135,"4,249",,,,
,,44,G.E. 2014,,,,,,,,"7,039","15,821",,
,,,,14,,,"178,938","1,493","6,835","155,707",,,,
,TOTALS:,"1,667",G.E. 2012,,,,,,,,"257,663","600,650",,
,,,,41,,,"148,897",*,"5,671","131,494",,,,
,,"1,566",P.E. 2014,,,,,,,,"235,422","521,525",,
,,,,53,,,"160,601",*,"6,381","145,407",,,,
,,"1,566",G.E. 2014,,,,,,,,"254,381","566,823",,
,,,,0,,,29.79,0.25,1.14,25.92,,,,
,PERCENTAGES:,,G.E. 2012,,,,,,,,42.9,,,
,,,,0.01,,,28.55,*,1.09,25.21,,,,
,,,P.E. 2014,,,,,,,,45.14,,,
,,,,0.01,,,28.33,*,1.13,25.65,,,,
,,,G.E. 2014,,,,,,,,44.88,,,
,* - Party was not a recognized party during this cycle,,,,,,,,,,,,,
Report Date/Time: 11/03/2014 02:52 PM,,,,,,Revised to Reflect Precinct Adjustment to LD 4 & LD 13,,,,,,,Page Number 7,
,,,,,,STATE OF ARIZONA REGISTRATION REPORT,,,,,,,,
,,,,,,,,"2014 General Election - November 4, 2014",,,,,,
,,,,,,,,Compiled and Issued by the Arizona Secretary of State,,,,,,
,,,,,,,INACTIVE,,,,,,,
,Congressional,,,,Precincts,,,,,,,Other,TOTAL,
,,,,,,Americans Elect,,,Democratic,Libertarian,Republican,,,
,,Congressional District 1,,,,,,,,,,,,
,,,,,,0,,,"2,683",31,"1,026",,,
,,,Apache,,45,,,,,,,"1,613","5,353",
,,,,,,0,,,"4,488",255,"3,021",,,
,,,Coconino,,71,,,,,,,"7,030","14,794",
,,,,,,0,,,648,12,339,,,
,,,Gila,,22,,,,,,,549,"1,548",
,,,,,,0,,,822,22,"1,112",,,
,,,Graham,,22,,,,,,,963,"2,919",
,,,,,,0,,,170,3,102,,,
,,,Greenlee,,8,,,,,,,153,428,
,,,,,,0,,,58,0,6,,,
,,,Maricopa,,3,,,,,,,58,122,
,,,,,,0,,,18,0,10,,,
,,,Mohave,,2,,,,,,,25,53,
,,,,,,0,,,"3,151",75,"2,914",,,
,,,Navajo,,61,,,,,,,"3,227","9,367",
,,,,,,0,,,"2,209",59,"2,995",,,
,,,Pima,,26,,,,,,,"3,453","8,716",
,,,,,,2,,,"6,672",130,"4,289",,,
,,,Pinal,,60,,,,,,,"8,669","19,762",
,,,,,,1,,,961,46,894,,,
,,,Yavapai,,7,,,,,,,"2,028","3,930",
,,,,,327,,,,,,,"27,768","66,992",
,,,,TOTALS,,3,,,"21,880",633,"16,708",,,
,,Congressional District 2,,,,,,,,,,,,
,,,,,,2,,,"2,584",80,"3,180",,,
,,,Cochise,,49,,,,,,,"4,553","10,399",
,,,,,,5,,,"17,066",637,"13,978",,,
,,,Pima,,145,,,,,,,"23,301","54,987",
,,,,,194,,,,,,,"27,854","65,386",
,,,,TOTALS,,7,,,"19,650",717,"17,158",,,
,,Congressional District 3,,,,,,,,,,,,
,,,,,,1,,,"5,432",194,"3,696",,,
,,,Maricopa,,46,,,,,,,"9,036","18,359",
,,,,,,3,,,"9,503",279,"3,514",,,
,,,Pima,,77,,,,,,,"10,032","23,331",
,,,,,,0,,,32,0,2,,,
,,,Pinal,,1,,,,,,,19,53,
,,,,,,0,,,"1,448",17,497,,,
,,,Santa Cruz,,24,,,,,,,"1,387","3,349",
,,,,,,0,,,"2,929",95,"2,057",,,
,,,Yuma,,29,,,,,,,"4,358","9,439",
,,,,,177,,,,,,,"24,832","54,531",
,,,,TOTALS,,4,,,"19,344",585,"9,766",,,
,,Congressional District 4,,,,,,,,,,,,
,,,,,,1,,,545,18,"1,020",,,
,,,Gila,,17,,,,,,,999,"2,583",
,,,,,,0,,,566,12,579,,,
,,,La Paz,,11,,,,,,,878,"2,035",
,,,,,,0,,,558,22,"1,073",,,
,,,Maricopa,,18,,,,,,,"1,189","2,842",
,,,,,,0,,,"4,697",106,"5,920",,,
,,,Mohave,,71,,,,,,,"8,474","19,197",
,,,,,,1,,,"4,100",128,"4,768",,,
,,,Pinal,,41,,,,,,,"8,180","17,177",
,,,,,,4,,,"4,505",264,"7,053",,,
,,,Yavapai,,38,,,,,,,"10,247","22,073",
,,,,,,0,,,"1,469",40,"2,192",,,
,,,Yuma,,15,,,,,,,"2,681","6,382",
,,,,,211,,,,,,,"32,648","72,289",
,,,,TOTALS,,6,,,"16,440",590,"22,605",,,
,,Congressional District 5,,,,,,,,,,,,
,,,,,,5,,,"12,172",544,"18,513",,,
,,,Maricopa,,113,,,,,,,"24,382","55,616",
,,,,,113,,,,,,,"24,382","55,616",
,,,,TOTALS,,5,,,"12,172",544,"18,513",,,
,,Congressional District 6,,,,,,,,,,,,
,,,,,,6,,,"15,842",770,"19,460",,,
,,,Maricopa,,156,,,,,,,"31,075","67,153",
,,,,,156,,,,,,,"31,075","67,153",
,,,,TOTALS,,6,,,"15,842",770,"19,460",,,
,,Congressional District 7,,,,,,,,,,,,
,,,,,,3,,,"20,119",937,"7,321",,,
,,,Maricopa,,105,,,,,,,"25,833","54,213",
,,,,,105,,,,,,,"25,833","54,213",
,,,,TOTALS,,3,,,"20,119",937,"7,321",,,
,,Congressional District 8,,,,,,,,,,,,
,,,,,,7,,,"13,879",511,"18,036",,,
,,,Maricopa,,142,,,,,,,"25,124","57,557",
,,,,,142,,,,,,,"25,124","57,557",
,,,,TOTALS,,7,,,"13,879",511,"18,036",,,
,,Congressional District 9,,,,,,,,,,,,
,,,,,,12,,,"21,275","1,094","15,840",,,
,,,Maricopa,,141,,,,,,,"34,865","73,086",
,,,,,141,,,,,,,"34,865","73,086",
,,,,TOTALS,,12,,,"21,275","1,094","15,840",,,
,,,,STATE TOTALS,,53,,,"160,601","6,381","145,407",,,
,,,,,"1,566",,,,,,,"254,381","566,823",
Report Date/Time: 11/03/2014 02:52 PM,,,,,,Revised to Reflect Precinct Adjustment to LD 4 & LD 13,,,,,,,Page Number 8,
,,,,,,STATE OF ARIZONA REGISTRATION REPORT,,,,,,,,
,,,,,,,,"2014 General Election - November 4, 2014",,,,,,
,,,,,,,,Compiled and Issued by the Arizona Secretary of State,,,,,,
,,,,,,,INACTIVE,,,,,,,
,Legislative,,,,Precincts,,,,,,,Other,TOTAL,
,,,,,,Americans Elect,,,Democratic,Libertarian,Republican,,,
,,Legislative District 1,,,,,,,,,,,,
,,,,,,2,,,"1,037",51,"2,114",,,
,,,Maricopa,,14,,,,,,,"2,417","5,621",
,,,,,,4,,,"3,576",228,"6,063",,,
,,,Yavapai,,35,,,,,,,"8,393","18,264",
,,,,,49,,,,,,,"10,810","23,885",
,,,,TOTALS,,6,,,"4,613",279,"8,177",,,
,,Legislative District 2,,,,,,,,,,,,
,,,,,,0,,,"3,839",122,"2,441",,,
,,,Pima,,33,,,,,,,"4,997","11,399",
,,,,,,0,,,"1,448",17,497,,,
,,,Santa Cruz,,24,,,,,,,"1,387","3,349",
,,,,,57,,,,,,,"6,384","14,748",
,,,,TOTALS,,0,,,"5,287",139,"2,938",,,
,,Legislative District 3,,,,,,,,,,,,
,,,,,,4,,,"6,947",222,"2,543",,,
,,,Pima,,41,,,,,,,"7,326","17,042",
,,,,,41,,,,,,,"7,326","17,042",
,,,,TOTALS,,4,,,"6,947",222,"2,543",,,
,,Legislative District 4,,,,,,,,,,,,
,,,,,,0,,,"1,300",43,"1,299",,,
,,,Maricopa,,18,,,,,,,"2,499","5,141",
,,,,,,0,,,980,18,365,,,
,,,Pima,,17,,,,,,,904,"2,267",
,,,,,,0,,,32,0,2,,,
,,,Pinal,,1,,,,,,,19,53,
,,,,,,0,,,"2,529",70,"1,572",,,
,,,Yuma,,23,,,,,,,"3,594","7,765",
,,,,,59,,,,,,,"7,016","15,226",
,,,,TOTALS,,0,,,"4,841",131,"3,238",,,
,,Legislative District 5,,,,,,,,,,,,
,,,,,,0,,,566,12,579,,,
,,,La Paz,,11,,,,,,,878,"2,035",
,,,,,,0,,,"4,697",106,"5,920",,,
,,,Mohave,,71,,,,,,,"8,474","19,197",
,,,,,82,,,,,,,"9,352","21,232",
,,,,TOTALS,,0,,,"5,263",118,"6,499",,,
,,Legislative District 6,,,,,,,,,,,,
,,,,,,0,,,"3,274",205,"2,491",,,
,,,Coconino,,45,,,,,,,"5,870","11,840",
,,,,,,1,,,555,19,"1,028",,,
,,,Gila,,18,,,,,,,"1,011","2,614",
,,,,,,0,,,547,16,"1,184",,,
,,,Navajo,,16,,,,,,,876,"2,623",
,,,,,,1,,,"1,890",82,"1,884",,,
,,,Yavapai,,10,,,,,,,"3,882","7,739",
,,,,,89,,,,,,,"11,639","24,816",
,,,,TOTALS,,2,,,"6,266",322,"6,587",,,
,,Legislative District 7,,,,,,,,,,,,
,,,,,,0,,,"2,683",31,"1,026",,,
,,,Apache,,45,,,,,,,"1,613","5,353",
,,,,,,0,,,"1,214",50,530,,,
,,,Coconino,,26,,,,,,,"1,160","2,954",
,,,,,,0,,,204,2,24,,,
,,,Gila,,3,,,,,,,99,329,
,,,,,,0,,,175,0,25,,,
,,,Graham,,2,,,,,,,101,301,
,,,,,,0,,,18,0,10,,,
,,,Mohave,,2,,,,,,,25,53,
,,,,,,0,,,"2,604",59,"1,730",,,
,,,Navajo,,45,,,,,,,"2,351","6,744",
,,,,,,0,,,0,0,0,,,
,,,Pinal,,1,,,,,,,0,0,
,,,,,124,,,,,,,"5,349","15,734",
,,,,TOTALS,,0,,,"6,898",142,"3,345",,,
,,Legislative District 8,,,,,,,,,,,,
,,,,,,0,,,434,9,307,,,
,,,Gila,,18,,,,,,,438,"1,188",
,,,,,,3,,,"5,843",112,"4,095",,,
,,,Pinal,,51,,,,,,,"8,230","18,283",
,,,,,69,,,,,,,"8,668","19,471",
,,,,TOTALS,,3,,,"6,277",121,"4,402",,,
,,Legislative District 9,,,,,,,,,,,,
,,,,,,1,,,"7,110",266,"5,277",,,
,,,Pima,,57,,,,,,,"8,994","21,648",
,,,,,57,,,,,,,"8,994","21,648",
,,,,TOTALS,,1,,,"7,110",266,"5,277",,,
,,Legislative District 10,,,,,,,,,,,,
,,,,,,1,,,"6,397",224,"4,946",,,
,,,Pima,,49,,,,,,,"8,863","20,431",
,,,,,49,,,,,,,"8,863","20,431",
,,,,TOTALS,,1,,,"6,397",224,"4,946",,,
,,Legislative District 11,,,,,,,,,,,,
,,,,,,1,,,"2,692",80,"3,524",,,
,,,Pima,,34,,,,,,,"4,175","10,472",
,,,,,,0,,,"2,752",77,"2,436",,,
,,,Pinal,,27,,,,,,,"4,370","9,635",
,,,,,61,,,,,,,"8,545","20,107",
,,,,TOTALS,,1,,,"5,444",157,"5,960",,,
,,Legislative District 12,,,,,,,,,,,,
,,,,,,3,,,"3,421",170,"6,243",,,
,,,Maricopa,,34,,,,,,,"7,147","16,984",
,,,,,,0,,,35,2,57,,,
,,,Pinal,,1,,,,,,,72,166,
,,,,,35,,,,,,,"7,219","17,150",
,,,,TOTALS,,3,,,"3,456",172,"6,300",,,
Report Date/Time: 11/03/2014 02:52 PM,,,,,,Revised to Reflect Precinct Adjustment to LD 4 & LD 13,,,,,,,Page Number 9,
,,,,,,STATE OF ARIZONA REGISTRATION REPORT,,,,,,,,
,,,,,,,,"2014 General Election - November 4, 2014",,,,,,
,,,,,,,,Compiled and Issued by the Arizona Secretary of State,,,,,,
,,,,,,,INACTIVE,,,,,,,
,Legislative,,,,Precincts,,,,,,,Other,TOTAL,
,,,,,,Americans Elect,,,Democratic,Libertarian,Republican,,,
,,Legislative District 13,,,,,,,,,,,,
,,,,,,0,,,"2,265",82,"3,117",,,
,,,Maricopa,,29,,,,,,,"4,406","9,870",
,,,,,,0,,,0,0,0,,,
,,,Yavapai,,0,,,,,,,0,0,
,,,,,,0,,,"1,869",65,"2,677",,,
,,,Yuma,,21,,,,,,,"3,445","8,056",
,,,,,50,,,,,,,"7,851","17,926",
,,,,TOTALS,,0,,,"4,134",147,"5,794",,,
,,Legislative District 14,,,,,,,,,,,,
,,,,,,2,,,"2,584",80,"3,180",,,
,,,Cochise,,49,,,,,,,"4,553","10,399",
,,,,,,0,,,647,22,"1,087",,,
,,,Graham,,20,,,,,,,862,"2,618",
,,,,,,0,,,170,3,102,,,
,,,Greenlee,,8,,,,,,,153,428,
,,,,,,1,,,813,43,"1,391",,,
,,,Pima,,17,,,,,,,"1,527","3,775",
,,,,,94,,,,,,,"7,095","17,220",
,,,,TOTALS,,3,,,"4,214",148,"5,760",,,
,,Legislative District 15,,,,,,,,,,,,
,,,,,,5,,,"4,256",217,"6,403",,,
,,,Maricopa,,42,,,,,,,"8,836","19,717",
,,,,,42,,,,,,,"8,836","19,717",
,,,,TOTALS,,5,,,"4,256",217,"6,403",,,
,,Legislative District 16,,,,,,,,,,,,
,,,,,,1,,,"2,408",104,"3,407",,,
,,,Maricopa,,19,,,,,,,"4,968","10,888",
,,,,,,0,,,"2,142",67,"2,469",,,
,,,Pinal,,21,,,,,,,"4,177","8,855",
,,,,,40,,,,,,,"9,145","19,743",
,,,,TOTALS,,1,,,"4,550",171,"5,876",,,
,,Legislative District 17,,,,,,,,,,,,
,,,,,,2,,,"4,037",184,"4,684",,,
,,,Maricopa,,39,,,,,,,"7,667","16,574",
,,,,,39,,,,,,,"7,667","16,574",
,,,,TOTALS,,2,,,"4,037",184,"4,684",,,
,,Legislative District 18,,,,,,,,,,,,
,,,,,,4,,,"5,518",255,"4,979",,,
,,,Maricopa,,42,,,,,,,"8,962","19,718",
,,,,,42,,,,,,,"8,962","19,718",
,,,,TOTALS,,4,,,"5,518",255,"4,979",,,
,,Legislative District 19,,,,,,,,,,,,
,,,,,,3,,,"5,437",231,"2,350",,,
,,,Maricopa,,28,,,,,,,"7,773","15,794",
,,,,,28,,,,,,,"7,773","15,794",
,,,,TOTALS,,3,,,"5,437",231,"2,350",,,
,,Legislative District 20,,,,,,,,,,,,
,,,,,,2,,,"5,778",268,"5,598",,,
,,,Maricopa,,47,,,,,,,"10,593","22,239",
,,,,,47,,,,,,,"10,593","22,239",
,,,,TOTALS,,2,,,"5,778",268,"5,598",,,
,,Legislative District 21,,,,,,,,,,,,
,,,,,,1,,,"4,723",129,"5,232",,,
,,,Maricopa,,42,,,,,,,"7,793","17,878",
,,,,,42,,,,,,,"7,793","17,878",
,,,,TOTALS,,1,,,"4,723",129,"5,232",,,
,,Legislative District 22,,,,,,,,,,,,
,,,,,,1,,,"3,357",115,"5,582",,,
,,,Maricopa,,48,,,,,,,"6,613","15,668",
,,,,,48,,,,,,,"6,613","15,668",
,,,,TOTALS,,1,,,"3,357",115,"5,582",,,
,,Legislative District 23,,,,,,,,,,,,
,,,,,,1,,,"3,891",183,"6,125",,,
,,,Maricopa,,57,,,,,,,"8,166","18,366",
,,,,,57,,,,,,,"8,166","18,366",
,,,,TOTALS,,1,,,"3,891",183,"6,125",,,
,,Legislative District 24,,,,,,,,,,,,
,,,,,,0,,,"8,529",375,"4,011",,,
,,,Maricopa,,40,,,,,,,"11,484","24,399",
,,,,,40,,,,,,,"11,484","24,399",
,,,,TOTALS,,0,,,"8,529",375,"4,011",,,
,,Legislative District 25,,,,,,,,,,,,
,,,,,,3,,,"4,433",200,"6,008",,,
,,,Maricopa,,37,,,,,,,"8,418","19,062",
,,,,,37,,,,,,,"8,418","19,062",
,,,,TOTALS,,3,,,"4,433",200,"6,008",,,
,,Legislative District 26,,,,,,,,,,,,
,,,,,,4,,,"6,467",391,"4,322",,,
,,,Maricopa,,34,,,,,,,"12,197","23,381",
,,,,,34,,,,,,,"12,197","23,381",
,,,,TOTALS,,4,,,"6,467",391,"4,322",,,
,,Legislative District 27,,,,,,,,,,,,
,,,,,,0,,,"6,386",193,"2,016",,,
,,,Maricopa,,35,,,,,,,"7,671","16,266",
,,,,,35,,,,,,,"7,671","16,266",
,,,,TOTALS,,0,,,"6,386",193,"2,016",,,
,,Legislative District 28,,,,,,,,,,,,
,,,,,,0,,,"5,689",271,"5,418",,,
,,,Maricopa,,57,,,,,,,"8,921","20,299",
,,,,,57,,,,,,,"8,921","20,299",
,,,,TOTALS,,0,,,"5,689",271,"5,418",,,
Report Date/Time: 11/03/2014 02:52 PM,,,,,,Revised to Reflect Precinct Adjustment to LD 4 & LD 13,,,,,,,Page Number 10,
,,,,,,STATE OF ARIZONA REGISTRATION REPORT,,,,,,,,
,,,,,,,,"2014 General Election - November 4, 2014",,,,,,
,,,,,,,,Compiled and Issued by the Arizona Secretary of State,,,,,,
,,,,,,,INACTIVE,,,,,,,
,Legislative,,,,Precincts,,,,,,,Other,TOTAL,
,,,,,,Americans Elect,,,Democratic,Libertarian,Republican,,,
,,Legislative District 29,,,,,,,,,,,,
,,,,,,1,,,"4,946",306,"2,314",,,
,,,Maricopa,,33,,,,,,,"7,021","14,588",
,,,,,33,,,,,,,"7,021","14,588",
,,,,TOTALS,,1,,,"4,946",306,"2,314",,,
,,Legislative District 30,,,,,,,,,,,,
,,,,,,1,,,"5,457",304,"2,723",,,
,,,Maricopa,,29,,,,,,,"8,010","16,495",
,,,,,29,,,,,,,"8,010","16,495",
,,,,TOTALS,,1,,,"5,457",304,"2,723",,,
,,,,STATE TOTALS,,53,,,"160,601","6,381","145,407",,,
,,,,,"1,566",,,,,,,"254,381","566,823",
