year,election_date,election_type,county,school_district,ctds_id,nces_leaid,ccd_lea_name,num_candidates,num_seats,candidates_per_seat,contested,total_votes_cast,winner_margin_votes,winner_margin_pct,winner_names,lea_letter_grade,grade_numeric,total_enrollment,log_enrollment,district_size,dropout_rate,grad_rate_4yr,votes_per_student
2014.0,2014-11-04,general,Maricopa,AGUA FRIA UNION #216,4289,400450.0,Agua Fria Union High School District (4289),3,2.0,1.5,1.0,28339.0,620.0,2.187797734570733,"HILL, MAXINE T.; ROSZTOCZY, TOM",A,4.0,14470.0,9.57983281962553,large,1.7,84.3,1.958465791292329
2014.0,2014-11-04,general,Maricopa,ALHAMBRA ESD #68,4280,400600.0,Alhambra Elementary District (4280),5,2.0,2.5,1.0,9788.0,93.0,0.95014303228443,"MARTINEZ, RAY DAVID SR.; O'NEIL FRANTZ, CATHLEEN M.",B,3.0,28542.0,10.259131965660336,large,0.7,,0.3429332212178544
2014.0,2014-11-04,general,Maricopa,BALSZ ESD #31,4268,401050.0,Balsz Elementary District (4268),2,1.0,2.0,1.0,3744.0,532.0,14.209401709401709,"BUDGET INCREASE, YES",C,2.0,5434.0,8.600430789986293,medium,3.4,,0.6889952153110048
2014.0,2014-11-04,general,Maricopa,BUCKEYE ESD #33,4269,401380.0,Buckeye Elementary District (4269),3,2.0,1.5,1.0,6014.0,239.0,3.9740605254406383,"HUNT, JANE; RAGSDALE, JENNIE ''GINA''",B,3.0,9644.0,9.174091239301061,medium,1.3,,0.623600165906263
2014.0,2014-11-04,general,Maricopa,BUCKEYE UNION #201,4284,401410.0,Buckeye Union High School District (4284),1,1.0,1.0,0.0,7556.0,,,"AHLSTROM, KRISTEN E.",B,3.0,2637.0,7.877397186353287,medium,1.2,86.7,2.8653773227152066
2014.0,2014-11-04,general,Pinal,Board Member Apache Junction Unified,4443,400790.0,Apache Junction Unified District (4443),6,1.0,6.0,1.0,30436.0,4259.0,13.993297410960704,"WEAVER, MIKE",C,2.0,9372.0,9.145481799627687,medium,3.4,75.1,3.247545881348698
2014.0,2014-11-04,general,Pinal,Board Member Casa Grande Union,4453,401740.0,Casa Grande Union High School District (4453),6,1.0,6.0,1.0,31266.0,1914.0,6.121665707157935,"SALCIDO, TONY",B,3.0,7464.0,8.91784674252718,medium,2.1,71.1,4.188906752411576
2014.0,2014-11-04,general,Pinal,Board Member Coolidge Unified,4442,402320.0,Coolidge Unified District (4442),5,1.0,5.0,1.0,10916.0,1054.0,9.655551484060096,"FLORES, MICHAEL II ""MIKEY""",F,0.0,7457.0,8.916908467543795,medium,7.1,64.9,1.4638594609092128
2014.0,2014-11-04,general,Pinal,Board Member Florence Unified,4437,402920.0,Florence Unified School District (4437),5,1.0,5.0,1.0,18924.0,2326.0,12.291270344536038,"GUENTHER, DENISE",B,3.0,15970.0,9.678467241209058,large,2.7,81.1,1.1849718221665624
2014.0,2014-11-04,general,Pinal,Board Member Maricopa Unified,4441,404720.0,Maricopa Unified School District (4441),7,1.0,7.0,1.0,17512.0,2792.0,15.943353129282778,COUTRE PATRICIA,B,3.0,5374.0,8.589327789175437,medium,4.2,71.1,3.2586527726088574
2014.0,2014-11-04,general,Pinal,Board Member Superior Unified,4440,408230.0,Superior Unified School District (4440),7,1.0,7.0,1.0,1916.0,14.0,0.7306889352818371,"SOMMER, CATHERINE",B,3.0,840.0,6.733401891837359,small,3.5,89.7,2.280952380952381
2014.0,2014-11-04,general,Maricopa,CAVE CREEK USD #93,4244,400001.0,Cave Creek Unified District (4244),5,3.0,1.6666666666666667,1.0,47411.0,2241.0,4.726751175887452,"WARREN, MARK E.; WEISS, CYNTHIA; CHANGE CAPITAL IMPROVEMENTS, YES",A,4.0,10824.0,9.289521169850625,large,0.8,92.7,4.380173688100517
2014.0,2014-11-04,general,Maricopa,CREIGHTON ESD #14,4263,402430.0,Creighton Elementary District (4263),8,4.0,2.0,1.0,28736.0,837.0,2.9127227171492205,"YOUNG, DONNA L.; ZARAGOZA, CARL S.; BUDGET INCREASE, YES; BUDGET INCREASE, YES",C,2.0,13316.0,9.496721598694915,large,1.6,,2.1580054070291377
2014.0,2014-11-04,general,Maricopa,DEER VALLEY USD #97,4246,407750.0,Deer Valley Unified District (4246),6,2.0,3.0,1.0,67764.0,1345.0,1.984829703087185,"FISHER, KIM; O'BRIEN, ANN",A,4.0,67956.0,11.126615715901805,large,0.6,92.0,0.9971746424156808
2014.0,2014-11-04,general,Maricopa,DYSART USD #89,4243,402690.0,Dysart Unified District (4243),4,2.0,2.0,1.0,42991.0,802.0,1.8655067339675746,"BAILEY, SPENCER; SAWYERSINKBEIL, TRACI L.",B,3.0,52872.0,10.875629177150289,large,0.0,84.3,0.8131146920865486
2014.0,2014-11-04,general,Maricopa,FOUNTAIN HILLS USD #98,4247,403040.0,Fountain Hills Unified District (4247),7,2.0,3.5,1.0,27149.0,678.0,2.4973295517330287,"RUTKOWSKI, JUDY; BUDGET INCREASE, YES",B,3.0,3626.0,8.195885391314796,medium,1.3,88.1,7.487313844456701
2014.0,2014-11-04,general,Maricopa,GILA BEND USD #24,4238,403310.0,Gila Bend Unified District (4238),3,2.0,1.5,1.0,524.0,36.0,6.870229007633588,"DAVIS, ERIC; RIGGS, PATRICIA BIRCHFIELD",C,2.0,816.0,6.704414354964107,small,6.2,67.6,0.6421568627450981
2014.0,2014-11-04,general,Maricopa,GILBERT USD #41,4239,403400.0,Gilbert Unified District (4239),5,2.0,2.5,1.0,71555.0,9310.0,13.010970582069737,"HUMPHERYS, JILL; SANTA CRUZ, J. CHARLES",A,4.0,75865.0,11.236710723959341,large,0.7,88.5,0.9431885586238713
2014.0,2014-11-04,general,Maricopa,HIGLEY USD #60,4248,403780.0,Higley Unified School District (4248),4,2.0,2.0,1.0,19649.0,93.0,0.47330652959438135,"WHITENER, VENESSA; WOJTOVICH, GREG",A,4.0,22507.0,10.021581650918597,large,0.2,92.6,0.8730172835117963
2014.0,2014-11-04,general,Maricopa,ISAAC ESD #5,4259,403960.0,Isaac Elementary District (4259),4,2.0,2.0,1.0,4269.0,15.0,0.35137034434293746,"CONTRERAS, ERNEST P.; JIMENEZ, PATRICIA",C,2.0,14862.0,9.606562898717415,large,6.3,,0.2872426322163908
2014.0,2014-11-04,general,Maricopa,KYRENE ESD #28,4267,404230.0,Kyrene Elementary District (4267),4,2.0,2.0,1.0,48064.0,3992.0,8.305592543275631,"COGGINS, BERNADETTE; MIDDLETON, KRISTIN M.",A,4.0,35339.0,10.472742448925512,large,0.0,,1.3600837601516738
2014.0,2014-11-04,general,Maricopa,LIBERTY ESD #25,4266,404320.0,Liberty Elementary District (4266),5,2.0,2.5,1.0,6148.0,150.0,2.4398178269355886,"HIGGINS, DANIEL KIMBALL; NEWMAN, JAMES ''MIKE''",C,2.0,6570.0,8.790269111478656,medium,0.5,,0.9357686453576864
2014.0,2014-11-04,general,Maricopa,LITCHFIELD ESD #79,4281,404380.0,Litchfield Elementary District (4281),4,3.0,1.3333333333333333,1.0,33466.0,871.0,2.602641486882209,"PFITZER, TAWNYA S.; HORNBACK, SHELLY SMITH; YAMAMORI, STEVEN D.",A,4.0,22025.0,9.999933450804381,large,0.2,,1.519455164585698
2014.0,2014-11-04,general,Maricopa,MESA USD #4,4235,404970.0,Mesa Unified District (4235),4,2.0,2.0,1.0,118910.0,75.0,0.0630729122866033,"RICHARDSON, JENNY; SMITH, BEN",B,3.0,129862.0,11.774227627145175,large,3.0,76.3,0.9156643205864687
2014.0,2014-11-04,general,Maricopa,MURPHY ESD #21,4265,405400.0,Murphy Elementary District (4265),4,2.0,2.0,1.0,768.0,3.0,0.390625,"POLANCO, RICHARD; RODRIGUEZ, RAYMOND M.",C,2.0,4114.0,8.322151070212902,medium,1.0,,0.18667963052989792
2014.0,2014-11-04,general,Maricopa,NADABURG USD #81,4252,405460.0,Nadaburg Unified School District (4252),2,1.0,2.0,1.0,1695.0,463.0,27.315634218289087,"BUDGET INCREASE, NO",B,3.0,2209.0,7.700295203420117,medium,0.0,,0.7673155273879584
2014.0,2014-11-04,general,Maricopa,OSBORN ESD #8,4262,405670.0,Osborn Elementary District (4262),4,2.0,2.0,1.0,9449.0,430.0,4.550746110699545,"CORBIN, SUE; PAETZ, KATIE",B,3.0,5956.0,8.6921543938039,medium,2.2,,1.5864674278038953
2014.0,2014-11-04,general,Maricopa,PENDERGAST ESD #92,4283,406210.0,Pendergast Elementary District (4283),2,2.0,1.0,0.0,10412.0,,,"QUEZADA, MARTIN J.; SERIN, SUSAN M.",B,3.0,19776.0,9.892224360257417,large,0.1,,0.5264967637540453
2014.0,2014-11-04,general,Maricopa,PEORIA USD #11,4237,406250.0,Peoria Unified School District (4237),5,3.0,1.6666666666666667,1.0,95548.0,3908.0,4.090090844392347,"DOANE, JUDY M.; KNECHT, KATHY; PINGERELLI, BEVERLY",A,4.0,74096.0,11.213116828720533,large,0.6,92.9,1.2895163031742605
2014.0,2014-11-04,general,Maricopa,QUEEN CREEK USD #95,4245,406810.0,Queen Creek Unified District (4245),2,1.0,2.0,1.0,7216.0,358.0,4.9611973392461195,"BUDGET INCREASE, NO",A,4.0,10372.0,9.246865146658555,large,2.1,88.9,0.6957192441187814
2014.0,2014-11-04,general,Maricopa,SCOTTSDALE USD #48,4240,407570.0,Scottsdale Unified District (4240),8,4.0,2.0,1.0,231403.0,2550.0,1.101973613133797,"HARTMANN, KIM; KIRBY, PAM; BUDGET INCREASE, YES; YES",A,4.0,50722.0,10.834115020510335,large,0.7,86.8,4.562182090611569
2014.0,2014-11-04,general,Maricopa,TEMPE ESD #3,4258,408310.0,Tempe School District (4258),3,2.0,1.5,1.0,24926.0,39.0,0.1564631308673674,"LEMMON, JAMES J. ''JIM''; MORALES, PATRICK",C,2.0,24120.0,10.090796650841122,large,2.1,,1.0334162520729684
2014.0,2014-11-04,general,Maricopa,TEMPE UNION #213,4287,408340.0,Tempe Union High School District (4287),5,2.0,2.5,1.0,78539.0,315.0,0.4010746253453698,"MCCLENAHAN, DEEANNE; SCHMOLL, BRANDON",A,4.0,28124.0,10.244378583319053,large,2.7,76.2,2.7925970701180485
2016.0,2016-11-08,general,Maricopa,ALHAMBRA ESD #68,4280,400600.0,Alhambra Elementary District (4280),6,4.0,1.5,1.0,34474.0,672.0,1.9492951209607239,"DE OCAMPO, GARTHANNE; LOPEZ FALK, ADAM; OCHOA-MARTINEZ, TANAIRI; YES",,,27092.0,10.206993760334795,large,0.8,,1.2724789605787687
2016.0,2016-11-08,general,Maricopa,AVONDALE ESD #44,4272,400960.0,Avondale Elementary District (4272),2,1.0,2.0,1.0,11229.0,2485.0,22.130198592929023,YES,,,11230.0,9.326344047732489,large,1.4,,0.9999109528049867
2016.0,2016-11-08,general,Yavapai,BAGDAD USD #20,4468,401000.0,Bagdad Unified District (4468),6,2.0,3.0,1.0,1384.0,560.0,40.46242774566474,TotalVotes; TotalVotes,,,902.0,6.804614520062624,small,1.0,95.2,1.5343680709534369
2016.0,2016-11-08,general,Maricopa,BALSZ ESD #31,4268,401050.0,Balsz Elementary District (4268),2,1.0,2.0,1.0,6585.0,1813.0,27.53227031131359,YES,,,5052.0,8.527539483470381,medium,1.8,,1.3034441805225654
2016.0,2016-11-08,general,Maricopa,BUCKEYE UNION #201,4284,401410.0,Buckeye Union High School District (4284),4,3.0,1.3333333333333333,1.0,34437.0,1166.0,3.3858930801173157,"JONES, CRAIG A.; STEWART, MICHAEL D.; WARNER, STEVE",,,8044.0,8.992681750892542,medium,1.5,90.7,4.2810790651417205
2016.0,2016-11-08,general,Navajo,Bd Member Blue Ridge USD,4397,406580.0,Blue Ridge Unified School District No. 32 (4397),6,1.0,6.0,1.0,1241.0,7.0,0.5640612409347301,"WALDO, CHARLES ""CHUCK""",,,4174.0,8.336630087637147,medium,5.5,82.3,0.29731672256827985
2016.0,2016-11-08,general,Graham,Bd Member Ft Thomas USD,4221,403200.0,Fort Thomas Unified District (4221),8,1.0,8.0,1.0,2260.0,217.0,9.601769911504425,"MCEUEN, PAT",,,1208.0,7.0967213784947605,medium,1.6,80.0,1.8708609271523178
2016.0,2016-11-08,general,Apache,Bd Member Ganado USD 20,4157,403290.0,Ganado Unified School District (4157),4,1.0,4.0,1.0,4299.0,273.0,6.350314026517795,"ROANHORSE, MARCARLO",,,2988.0,8.002359546252707,medium,5.5,79.4,1.4387550200803212
2016.0,2016-11-08,general,Navajo,Bd Member Kayenta USD,4396,404060.0,Kayenta Unified School District #27 (4396),6,1.0,6.0,1.0,749.0,7.0,0.9345794392523363,"BENALLY, FERN",,,3634.0,8.198089248956116,medium,2.8,84.1,0.20610897083104018
2016.0,2016-11-08,general,Santa Cruz,Bd Member Nogales USD 1,4457,405530.0,Nogales Unified District (4457),2,1.0,2.0,1.0,758.0,176.0,23.218997361477573,"RUIZ, MANUEL ""MANNY""",,,11466.0,9.347141413468329,large,3.1,90.3,0.06610849467992325
2016.0,2016-11-08,general,Graham,Bd Member Pima USD,4220,406440.0,Pima Unified District (4220),7,1.0,7.0,1.0,3930.0,58.0,1.4758269720101782,"BATTY, MELISSA M.",,,1690.0,7.432483807917119,medium,2.7,87.9,2.3254437869822486
2016.0,2016-11-08,general,Navajo,Bd Member Pinon USD,4390,400023.0,Pinon Unified District (4390),5,1.0,5.0,1.0,541.0,21.0,3.8817005545286505,"LAPAHE, JOHANSEN",,,2446.0,7.802209316247118,medium,7.3,71.0,0.22117743254292724
2016.0,2016-11-08,general,Apache,Bd Member Round Valley USD 10,4155,407130.0,Round Valley Unified District (4155),5,1.0,5.0,1.0,4805.0,187.0,3.891779396462019,"WALKER, JUSTIN",,,2614.0,7.868636894184167,medium,4.7,82.7,1.8381790359602141
2016.0,2016-11-08,general,Graham,Bd Member San Carlos School Dist. 20,4210,406960.0,San Carlos Unified District (4210),4,1.0,4.0,1.0,579.0,99.0,17.098445595854923,"HARRIS, SHERRIE",,,3150.0,8.055157731819678,medium,12.5,72.9,0.1838095238095238
2016.0,2016-11-08,general,Apache,Bd Member Sanders USD 18,4156,406740.0,Sanders Unified District (4156),6,1.0,6.0,1.0,3495.0,148.0,4.234620886981403,"GOODLUCK, ARNOLD",,,1522.0,7.3277805384216315,medium,9.2,87.7,2.2963206307490145
2016.0,2016-11-08,general,Santa Cruz,Bd Member Santa Cruz Valley USD 35,4458,407520.0,Santa Cruz Valley Unified District (4458),3,1.0,3.0,1.0,881.0,59.0,6.696935300794552,"NEUMAN, MARIA",,,6938.0,8.844768827529695,medium,1.9,93.0,0.12698183914672817
2016.0,2016-11-08,general,Navajo,Bd Member Show Low USD,4393,407700.0,Show Low Unified District  (4393),7,1.0,7.0,1.0,1393.0,5.0,0.3589375448671931,"TREGASKES, AMY",,,4814.0,8.479283618343016,medium,3.3,80.6,0.2893643539675945
2016.0,2016-11-08,general,Santa Cruz,Bd Member Sonoita ESD 25,4461,407920.0,Sonoita Elementary District (4461),5,1.0,5.0,1.0,234.0,2.0,0.8547008547008548,"TOMLINSON, IAN",,,235.0,5.459585514144159,small,0.0,,0.9957446808510638
2016.0,2016-11-08,general,Apache,Bd Member St. John USD 1,4153,408080.0,St Johns Unified District (4153),4,1.0,4.0,1.0,2704.0,321.0,11.871301775147929,"WELKER, LESLIE",,,1568.0,7.357556200910353,medium,2.3,77.0,1.7244897959183674
2016.0,2016-11-08,general,Graham,Bd Member Thatcher USD,4219,408410.0,Thatcher Unified District (4219),5,1.0,5.0,1.0,7377.0,41.0,0.5557814829876644,"ALDER, PRESTON",,,3498.0,8.159946655578548,medium,0.6,97.3,2.108919382504288
2016.0,2016-11-08,general,Apache,Bd Member Vernon ESD 9,4162,400022.0,Vernon Elementary District (4162),1,,,,1377.0,,,,,,284.0,5.648974238161206,small,0.0,,4.848591549295775
2016.0,2016-11-08,general,Apache,Bd Member Window Rock USD 8,4154,409430.0,Window Rock Unified District (4154),3,1.0,3.0,1.0,5930.0,907.0,15.295109612141653,"DAWES, JOSEPHINE",,,3904.0,8.269756947532983,medium,5.7,71.2,1.5189549180327868
2016.0,2016-11-08,general,Navajo,Bd Member Winslow USD,4387,409460.0,Winslow Unified District (4387),6,1.0,6.0,1.0,782.0,29.0,3.70843989769821,"HARTNETT, JOSEPH",,,4384.0,8.385716828627851,medium,5.2,90.4,0.17837591240875914
2016.0,2016-11-08,general,Yuma,Board Member - Gadsden Elementary,4505,403240.0,Gadsden Elementary District (4505),4,1.0,4.0,1.0,8900.0,357.0,4.01123595505618,"VARELA, ROSA",,,11114.0,9.315960853839867,large,2.9,,0.8007917941335253
2016.0,2016-11-08,general,Yuma,Board Member - Somerton Elementary,4500,407890.0,Somerton Elementary District (4500),7,1.0,7.0,1.0,7701.0,244.0,3.1684196857550964,"YEPEZ, LETICIA V.",,,5838.0,8.67214355141406,medium,2.3,,1.3191161356628982
2016.0,2016-11-08,general,Yuma,Board Member - Yuma Union,4507,409630.0,Yuma Union High School District (4507),6,1.0,6.0,1.0,99214.0,2097.0,2.1136129981655816,"MELLON, SHELLEY J.",,,21702.0,9.985159701180153,large,2.0,89.9,4.5716523822689155
2016.0,2016-11-08,general,Cochise,Board Member Apache Elementary,4178,400750.0,Apache Elementary District (4178),2,1.0,2.0,1.0,68.0,9.0,13.23529411764706,"GROSSMAN, WILLIAM A.",,,0.0,,small,,,
2016.0,2016-11-08,general,Pinal,Board Member Apache Junction Unified,4443,400790.0,Apache Junction Unified District (4443),5,1.0,5.0,1.0,4660.0,77.0,1.652360515021459,"GARCIA, CAMI",,,8216.0,9.013838751608395,medium,4.7,80.1,0.5671859785783836
2016.0,2016-11-08,general,Cochise,Board Member Benson USD #09,79226,400212.0,Benson Unified School District (79226),4,1.0,4.0,1.0,7936.0,50.0,0.6300403225806451,"BERNAL, ROBERT",,,2532.0,7.836764783264067,medium,1.2,89.5,3.1342812006319116
2016.0,2016-11-08,general,Cochise,Board Member Bisbee USD #02,4169,401180.0,Bisbee Unified District (4169),5,1.0,5.0,1.0,6883.0,101.0,1.467383408397501,"LITTRELL, ANN R.",,,1230.0,7.114769448366463,medium,3.9,83.9,5.595934959349593
2016.0,2016-11-08,general,Pinal,Board Member Casa Grande Union,4453,401740.0,Casa Grande Union High School District (4453),6,1.0,6.0,1.0,5228.0,26.0,0.4973221117061974,"HAWKINS, NANCY",,,7642.0,8.941414628006845,medium,10.2,76.5,0.6841141062549071
2016.0,2016-11-08,general,Pinal,Board Member Eloy Elementary,4448,402790.0,Eloy Elementary District (4448),5,1.0,5.0,1.0,277.0,4.0,1.444043321299639,"RODRIGUEZ, PAUL",,,1804.0,7.4977617006225685,medium,0.9,,0.15354767184035475
2016.0,2016-11-08,general,Pinal,Board Member Florence Unified,4437,402920.0,Florence Unified School District (4437),6,1.0,6.0,1.0,4534.0,73.0,1.6100573445081607,"CASTILLO, KATRINA",,,16680.0,9.721965675912738,large,3.0,58.2,0.27182254196642686
2016.0,2016-11-08,general,Gila,Board Member Globe Unified,4208,403500.0,Globe Unified District (4208),4,1.0,4.0,1.0,7610.0,286.0,3.7582128777923787,"CLINE-SANDERS, JACQUE",,,3548.0,8.17413934342947,medium,5.3,88.5,2.1448703494926717
2016.0,2016-11-08,general,Gila,Board Member Hayden-Winkelman Unified,4212,403730.0,Hayden-Winkelman Unified District (4212),4,1.0,4.0,1.0,1054.0,4.0,0.3795066413662239,"LORONA, ERNESTINE ""ERNIE""",,,596.0,6.39024066706535,small,3.0,87.5,1.7684563758389262
2016.0,2016-11-08,general,Gila,Board Member Payson Unified,4209,406070.0,Payson Unified District (4209),5,1.0,5.0,1.0,20911.0,752.0,3.59619339103821,"UNDERWOOD, BARBARA",,,4784.0,8.473032295630468,medium,2.9,85.8,4.371028428093646
2016.0,2016-11-08,general,Gila,Board Member Pine-Strawberry School District 12,4214,406510.0,Pine Strawberry Elementary District (4214),3,1.0,3.0,1.0,2271.0,257.0,11.316600616468515,"WARD, MICHAEL",,,345.0,5.84354441703136,small,0.0,,6.582608695652174
2016.0,2016-11-08,general,Gila,Board Member San Carlos Unified,4210,406960.0,San Carlos Unified District (4210),4,1.0,4.0,1.0,1657.0,156.0,9.414604707302354,"HARRIS, SHERRIE",,,3150.0,8.055157731819678,medium,12.5,72.9,0.5260317460317461
2016.0,2016-11-08,general,Pinal,Board Member Santa Cruz Valley Union,4454,407530.0,Santa Cruz Valley Union High School District (4454),4,1.0,4.0,1.0,476.0,7.0,1.4705882352941175,"FLORES, L. ELIZABETH",,,940.0,6.84587987526405,small,7.0,77.8,0.5063829787234042
2016.0,2016-11-08,general,Cochise,Board Member Sierra Vista USD #68,4175,401460.0,Sierra Vista Unified District (4175),1,1.0,1.0,0.0,20445.0,,,"JOHNSON, MAUDELYNN ""CONNIE""",,,11438.0,9.344696424475261,large,2.0,88.4,1.7874628431543975
2016.0,2016-11-08,general,Cochise,Board Member St. David USD #21,4173,408020.0,St David Unified District (4173),3,1.0,3.0,1.0,4085.0,1.0,0.02447980416156671,"HAYNIE, BRADLEY",,,796.0,6.679599185844383,small,0.4,94.4,5.131909547738694
2016.0,2016-11-08,general,Pinal,Board Member Toltec Elementary,4450,408550.0,Toltec School District (4450),5,1.0,5.0,1.0,1063.0,25.0,2.351834430856068,"LONG, PAM",,,2208.0,7.699842407396986,medium,3.0,,0.48143115942028986
2016.0,2016-11-08,general,Gila,Board Member Tonto Basin School District 33,4215,405760.0,Tonto Basin Elementary District (4215),6,1.0,6.0,1.0,1977.0,36.0,1.8209408194233687,"EWING-THORPE, STORMI",,,134.0,4.897839799950911,small,0.0,,14.753731343283581
2016.0,2016-11-08,general,Cochise,Board Member Willcox USD #13,4170,409250.0,Willcox Unified District (4170),4,1.0,4.0,1.0,5917.0,104.0,1.757647456481325,"OWEN, DWAYNE A.",,,2340.0,7.757906208351747,medium,2.4,81.7,2.5286324786324785
2016.0,2016-11-08,general,Gila,Board Member Young Elementary,4213,409540.0,Young Elementary District (4213),5,1.0,5.0,1.0,1139.0,47.0,4.1264266900790165,"CHAPMAN, LINDA",,,41.0,3.713572066704308,small,0.0,,27.78048780487805
2016.0,2016-11-08,general,Maricopa,CAVE CREEK USD #93,4244,400001.0,Cave Creek Unified District (4244),4,3.0,1.3333333333333333,1.0,49728.0,80.0,0.16087516087516088,"BUSBEE, JANET; HILL, KATHRYN; RICH, JAMES",,,10758.0,9.283404942833188,large,0.6,93.5,4.622420524261015
2016.0,2016-11-08,general,Maricopa,CREIGHTON ESD #14,4263,402430.0,Creighton Elementary District (4263),5,3.0,1.6666666666666667,1.0,24672.0,968.0,3.9234760051880673,"CASTEEN, JEANNE M.; MCSHEFFREY, AMY H.; SEXTON-RUIZ, ANNETTE M.",,,13014.0,9.47378098005493,large,2.9,,1.8958045182111571
2016.0,2016-11-08,general,Maricopa,DEER VALLEY USD #97,4246,407750.0,Deer Valley Unified District (4246),6,3.0,2.0,1.0,157755.0,659.0,0.4177363633482299,"FRANK, JENNY; ORDWAY, ANN ELIZABETH; TWEEDY, DARCY",,,69630.0,11.150950787936592,large,1.0,94.4,2.265618267987936
2016.0,2016-11-08,general,Maricopa,DYSART USD #89,4243,402690.0,Dysart Unified District (4243),5,3.0,1.6666666666666667,1.0,103372.0,2182.0,2.1108230468598848,"LEONARD, JAY D.; PRITCHARD, CHRISTINE A.K.; TANNER, JENNIFER L.",,,50302.0,10.825800116728777,large,0.9,90.6,2.0550276330960995
2016.0,2016-11-08,general,Coconino,FLAGSTAFF USD #1,4192,402860.0,Flagstaff Unified District (4192),7,1.0,7.0,1.0,125492.0,25413.0,20.250693271284227,Times Counted,,,19686.0,9.887663002189157,large,2.7,,6.374682515493244
2016.0,2016-11-08,general,Maricopa,GILBERT USD #41,4239,403400.0,Gilbert Unified District (4239),4,3.0,1.3333333333333333,1.0,135913.0,2645.0,1.9460978714324604,"CARR, REED; ROGERS, SHEILA S.; WOOD, LORI",,,71971.0,11.184018539083658,large,0.9,92.9,1.8884411776965722
2016.0,2016-11-08,general,Maricopa,GLENDALE ESD #40,4271,403420.0,Glendale Elementary District (4271),5,3.0,1.6666666666666667,1.0,38067.0,652.0,1.7127695904589277,"ALDAMA, JAMIE; PIMENTEL, MONICA GALLARDO; WILSON, MARY ANN",,,27712.0,10.229620811362162,large,0.9,,1.3736648383371826
2016.0,2016-11-08,general,Pima,GOVERNING BOARD AMPHITHEATER UNIFIED,4406,400680.0,Amphitheater Unified District (4406),5,1.0,5.0,1.0,109411.0,2738.0,2.5024906088053305,"DAY, DEANNA M.",,,27681.0,10.228501536246666,large,1.9,85.5,3.952566742530978
2016.0,2016-11-08,general,Pima,GOVERNING BOARD SAHUARITA UNIFIED,4411,407300.0,Sahuarita Unified District (4411),4,1.0,4.0,1.0,20345.0,344.0,1.6908331285328089,"ZIMMERMAN, DALIA",,,12032.0,9.39532504618962,large,5.6,89.0,1.690907579787234
2016.0,2016-11-08,general,Pima,GOVERNING BOARD TANQUE VERDE UNIFIED,4408,408280.0,Tanque Verde Unified District (4408),5,2.0,2.5,1.0,17222.0,762.0,4.424573220299616,"NEFF, JEFFREY M.; FRY, SUSAN",,,4171.0,8.335911094196945,medium,0.5,92.3,4.1289858547111
2016.0,2016-11-08,general,Pima,GOVERNING BOARD TUCSON UNIFIED,4403,408800.0,Tucson Unified District (4403),7,1.0,7.0,1.0,350124.0,3114.0,0.8893991842889948,"STEGEMAN, MARK",,,96620.0,11.478541038108398,large,1.9,84.7,3.6237217967294555
2016.0,2016-11-08,general,Pima,GOVERNING BOARD VAIL UNIFIED,4413,408850.0,Vail Unified District (4413),4,1.0,4.0,1.0,52180.0,1260.0,2.414718282866999,"PRATT, ALLISON",,,25252.0,10.136660639487516,large,1.5,94.1,2.066370980516395
2016.0,2016-11-08,general,Maricopa,HIGLEY USD #60,4248,403780.0,Higley Unified School District (4248),4,3.0,1.3333333333333333,1.0,46009.0,5140.0,11.171727270751376,"FORD, ALLISON; GLOVER, SCOTT R.; REESE, KRISTINA A.",,,23756.0,10.075590409135751,large,0.8,91.3,1.9367317730257618
2016.0,2016-11-08,general,Maricopa,ISAAC ESD #5,4259,403960.0,Isaac Elementary District (4259),4,3.0,1.3333333333333333,1.0,10681.0,45.0,0.421308866211029,"GUZMAN, MARIA; RIVERA, CATHERINE L.; SANTA CRUZ, RUDY R.",,,14970.0,9.613803477413674,large,4.6,,0.713493653974616
2016.0,2016-11-08,general,Maricopa,KYRENE ESD #28,4267,404230.0,Kyrene Elementary District (4267),4,3.0,1.3333333333333333,1.0,100647.0,1077.0,1.0700766043697278,"FAHY, MICHELLE; KING, JOHN R.; MYRICK, MICHAEL RYAN",,,35164.0,10.46777811097107,large,0.2,,2.862217040154704
2016.0,2016-11-08,general,Maricopa,LAVEEN ESD #59,4276,404290.0,Laveen Elementary District (4276),6,4.0,1.5,1.0,35654.0,1689.0,4.737196387502104,"ANDERSON, MICHELE S.; SANBORN, SUSAN J.; SERNA, ISAAC L.; YES",,,13318.0,9.496871782670567,large,1.6,,2.677128698002703
2016.0,2016-11-08,general,Maricopa,LIBERTY ESD #25,4266,404320.0,Liberty Elementary District (4266),2,1.0,2.0,1.0,10714.0,1860.0,17.360462945678552,YES,,,6822.0,8.82790796297859,medium,1.4,,1.5705071826443857
2016.0,2016-11-08,general,Maricopa,LITCHFIELD ESD #79,4281,404380.0,Litchfield Elementary District (4281),6,3.0,2.0,1.0,55866.0,1912.0,3.422475208534708,"CLYMER, DANIELLE E.; GRAY, JEAN; PFITZER, TAWNYA S.",,,22988.0,10.042727619627632,large,1.0,,2.4302244649382287
2016.0,2016-11-08,general,Maricopa,MADISON ESD #38,4270,404500.0,Madison Elementary District (4270),2,1.0,2.0,1.0,23168.0,6392.0,27.58977900552486,"BUDGET INCREASE, YES",,,12210.0,9.41001056710475,large,1.2,,1.8974610974610975
2016.0,2016-11-08,general,Maricopa,MESA USD #4,4235,404970.0,Mesa Unified District (4235),5,3.0,1.6666666666666667,1.0,258601.0,7427.0,2.8719919876566604,"MINER, ELAINE; PETERSON, STEVEN J.; SEARS, KIANA MARIA",,,130096.0,11.77602791844762,large,3.0,78.5,1.9877705694256549
2016.0,2016-11-08,general,Maricopa,MORRISTOWN ESD #75,4251,405340.0,Morristown Elementary District (4251),2,1.0,2.0,1.0,576.0,89.0,15.45138888888889,"CHRISTOFFERSON, PATRICIA",,,320.0,5.768320995793772,small,3.1,,1.8
2016.0,2016-11-08,general,Maricopa,OSBORN ESD #8,4262,405670.0,Osborn Elementary District (4262),6,3.0,2.0,1.0,21725.0,32.0,0.1472957422324511,"AGUILAR, YLENIA; RADTKE, MAXINE; RICHARD, SAMUEL",,,5936.0,8.688790784847216,medium,4.0,,3.6598719676549867
2016.0,2016-11-08,general,Coconino,PAGE USD #8,4196,405820.0,Page Unified School District #8  (4196),7,1.0,7.0,1.0,15430.0,2287.0,14.821775761503563,Times Counted,,,5457.0,8.604654467186231,medium,2.7,73.2,2.8275609309144216
2016.0,2016-11-08,general,Maricopa,PALOMA ESD #94,4255,408430.0,Paloma School District (4255),2,1.0,2.0,1.0,15.0,7.0,46.666666666666664,"ACCOMAZZO, TATE L.",,,230.0,5.438079308923196,small,0.0,,0.06521739130434782
2016.0,2016-11-08,general,Maricopa,PARADISE VALLEY USD #69,4241,405930.0,Paradise Valley Unified District (4241),5,1.0,5.0,1.0,164451.0,2067.0,1.2569093529379571,"CASE, NANCY",,,65616.0,11.09157484763184,large,1.6,89.7,2.5062637161667887
2016.0,2016-11-08,general,Maricopa,PEORIA USD #11,4237,406250.0,Peoria Unified School District (4237),6,3.0,2.0,1.0,156790.0,5096.0,3.2502072836277827,"DOANE, JUDY M.; MARTINEZ, MONICA CEJA; SANDOVAL, DAVID M.",,,74323.0,11.216175738657967,large,0.6,94.2,2.109575770622822
2016.0,2016-11-08,general,Maricopa,PHOENIX ESD #1,4256,406300.0,Phoenix Elementary District (4256),5,3.0,1.6666666666666667,1.0,24702.0,797.0,3.226459396000324,"ALMY, LYNNE M.; BENJAMIN, SUSAN; STARK, LOUISA",,,14360.0,9.572201842602215,large,1.8,,1.7201949860724235
2016.0,2016-11-08,general,Maricopa,QUEEN CREEK USD #95,4245,406810.0,Queen Creek Unified District (4245),6,3.0,2.0,1.0,26747.0,340.0,1.2711705985718025,"LEONARD, M. SUSAN; REVOLT, JENNIFER L.; SCHULTZ, WILLIAM (BILL)",,,12182.0,9.40771473139643,large,4.4,92.7,2.1956164833360696
2016.0,2016-11-08,general,Maricopa,ROOSEVELT ESD #66,4279,407080.0,Roosevelt Elementary District (4279),7,3.0,2.3333333333333335,1.0,53421.0,1043.0,1.9524157166657305,"AVILA, ROSA AMELIA; MUÃ‘OZ, NORMA; ROBINSON, LAWRENCE A.",,,19628.0,9.884712397209794,large,0.1,,2.7216731200326065
2016.0,2016-11-08,general,Maricopa,SCOTTSDALE USD #48,4240,407570.0,Scottsdale Unified District (4240),2,1.0,2.0,1.0,107359.0,14393.0,13.406421445803332,"BUDGET INCREASE, YES",,,48572.0,10.790802512173709,large,0.9,86.1,2.2103063493370665
2016.0,2016-11-08,general,Coconino,SEDONA-OAK CREEK JOINT USD#9,4467,409733.0,Sedona-Oak Creek JUSD #9 (4467),6,1.0,6.0,1.0,5859.0,948.0,16.180235535074246,Times Counted,,,2210.0,7.700747794511798,medium,2.9,86.3,2.651131221719457
2016.0,2016-11-08,general,Yavapai,SELIGMAN USD #40,4472,407630.0,Seligman Unified District (4472),3,1.0,3.0,1.0,602.0,528.0,87.70764119601328,TotalVotes,,,310.0,5.736572297479192,small,2.8,100.0,1.9419354838709677
2016.0,2016-11-08,general,Yuma,Somerton Elementary,4500,407890.0,Somerton Elementary District (4500),3,1.0,3.0,1.0,3888.0,1000.0,25.720164609053498,"BUDGET INCREASE, YES",,,5838.0,8.67214355141406,medium,2.3,,0.6659815005138746
2016.0,2016-11-08,general,Maricopa,TEMPE ESD #3,4258,408310.0,Tempe School District (4258),5,3.0,1.6666666666666667,1.0,67500.0,2050.0,3.037037037037037,"DEVINE, TERESA L.; TREJO, MONICA; WELLS, ROCHELLE L.",,,24004.0,10.085975762109403,large,0.9,,2.8120313281119813
2016.0,2016-11-08,general,Maricopa,TEMPE UNION #213,4287,408340.0,Tempe Union High School District (4287),6,3.0,2.0,1.0,180117.0,821.0,0.4558148314706552,"HELM, MICHELLE; HODGE, BERDETTA B.; LOWE, SANDY K.",,,28054.0,10.241886503279616,large,2.7,87.7,6.420367861980466
2016.0,2016-11-08,general,Maricopa,TOLLESON ESD #17,4264,408490.0,Tolleson Elementary District (4264),2,1.0,2.0,1.0,3358.0,1102.0,32.817153067301966,YES,,,6270.0,8.743531633626967,medium,0.1,,0.5355661881977671
2016.0,2016-11-08,general,Coconino,TUBA CITY USD #15,4197,408680.0,Tuba City Unified School District #15 (4197),8,1.0,8.0,1.0,17684.0,2977.0,16.83442660031667,Times Counted,,,3458.0,8.148445666243235,medium,5.5,66.1,5.1139386928860615
2016.0,2016-11-08,general,Yavapai,WICKENBURG USD #9,4236,409190.0,Wickenburg Unified District (4236),3,1.0,3.0,1.0,317.0,267.0,84.22712933753942,TotalVotes,,,2312.0,7.7458682297922685,medium,6.0,79.9,0.1371107266435986
2016.0,2016-11-08,general,Yavapai,YARNELL ESD #52,4485,409510.0,Yarnell Elementary District (4485),5,1.0,5.0,1.0,1220.0,114.0,9.344262295081968,TotalVotes,,,101.0,4.61512051684126,small,,,12.07920792079208
2018.0,2018-11-06,general,Maricopa,Agua Fria UHSD #216,4289,400450.0,Agua Fria Union High School District (4289),4,1.0,4.0,1.0,55021.0,3227.0,5.865033350902383,"LANDIS, VICKIE L.",B,3.0,7766.0,8.957510510291613,medium,0.9,95.0079660116835,7.084857069276333
2018.0,2018-11-06,general,Maricopa,Balsz ESD #31,4268,401050.0,Balsz Elementary District (4268),3,1.0,3.0,1.0,7880.0,1141.0,14.47969543147208,"AGUILAR, CESAR",C,2.0,2297.0,7.739359202689098,medium,3.4,,3.430561602089682
2018.0,2018-11-06,general,Mohave,Board Member 2yr Hackberry ESD 3,4371,403660.0,Hackberry School District (4371),2,1.0,2.0,1.0,501.0,113.0,22.55489021956088,"WHITTEN, SCHERRI",A,4.0,28.0,3.332204510175204,small,,,17.892857142857142
2018.0,2018-11-06,general,Mohave,Board Member 2yr Lake Havasu USD 1,4368,404280.0,Lake Havasu Unified District (4368),2,1.0,2.0,1.0,18651.0,4234.0,22.70119564634604,"COHEN, NICHOLE",B,3.0,5373.0,8.589141690728821,medium,2.5,90.51094890510949,3.471245114461195
2018.0,2018-11-06,general,Pinal,Board Member Apache Junction Unified,4443,400790.0,Apache Junction Unified District (4443),4,1.0,4.0,1.0,28724.0,1145.0,3.9862136192730815,"CONNOLLY, CHELSEA",D,1.0,3152.0,8.05579245097777,medium,4.0,84.78260869565217,9.112944162436548
2018.0,2018-11-06,general,Cochise,Board Member Benson Unified,79226,400212.0,Benson Unified School District (79226),4,1.0,4.0,1.0,5236.0,347.0,6.627196333078686,"KONRAD, VICKY",A,4.0,1192.0,7.083387847625295,medium,2.1,90.08264462809916,4.39261744966443
2018.0,2018-11-06,general,Cochise,Board Member Bisbee Unified,4169,401180.0,Bisbee Unified District (4169),3,1.0,3.0,1.0,4073.0,783.0,19.224159096489075,"RHODES, ERIN M.",C,2.0,685.0,6.529418838262226,small,5.0,93.05555555555556,5.945985401459854
2018.0,2018-11-06,general,Mohave,Board Member Colorado City USD 14,4370,400021.0,Colorado City Unified District (4370),3,1.0,3.0,1.0,998.0,148.0,14.829659318637276,"ZITTING, MARION",A,4.0,543.0,6.297109319933935,small,6.2,63.888888888888886,1.8379373848987108
2018.0,2018-11-06,general,Yuma,Board Member Crane Elementary,4501,402400.0,Crane Elementary District (4501),3,1.0,3.0,1.0,12340.0,36.0,0.2917341977309562,"FARAR, DANNY",C,2.0,5983.0,8.696677393390031,medium,0.6,,2.0625104462644157
2018.0,2018-11-06,general,Cochise,Board Member Douglas Unified,4174,402530.0,Douglas Unified District (4174),4,1.0,4.0,1.0,9652.0,177.0,1.833816825528388,"GOMEZ, EDWARD EDDIE",B,3.0,3984.0,8.290041618704489,medium,2.0,91.42011834319528,2.4226907630522088
2018.0,2018-11-06,general,Pinal,Board Member Eloy Elementary,4448,402790.0,Eloy Elementary District (4448),3,1.0,3.0,1.0,1438.0,153.0,10.639777468706537,"TARANGO, MARY",B,3.0,829.0,6.720220155135295,small,2.0,,1.7346200241254524
2018.0,2018-11-06,general,Apache,Board Member Ganado USD #20,4157,403290.0,Ganado Unified School District (4157),9,1.0,9.0,1.0,6351.0,133.0,2.094158400251929,"JAMES, JUDY",C,2.0,1438.0,7.271008538280992,medium,4.0,86.99186991869918,4.416550764951321
2018.0,2018-11-06,general,Gila,Board Member Globe Unified,4208,403500.0,Globe Unified District (4208),6,1.0,6.0,1.0,5608.0,996.0,17.76034236804565,"DALMOLIN, FRANKIE",D,1.0,1603.0,7.3796321526095525,medium,4.8,85.9375,3.4984404242046163
2018.0,2018-11-06,general,Mohave,Board Member Hackberry ESD 3,4371,403660.0,Hackberry School District (4371),2,1.0,2.0,1.0,498.0,176.0,35.34136546184739,"KELLEY, ELLEN",A,4.0,28.0,3.332204510175204,small,,,17.785714285714285
2018.0,2018-11-06,general,Gila,Board Member Hayden-Winkelman Unified,4212,403730.0,Hayden-Winkelman Unified District (4212),4,1.0,4.0,1.0,723.0,61.0,8.437067773167358,"LAGUNAS, THOMAS",C,2.0,255.0,5.541263545158426,small,2.7,86.36363636363636,2.835294117647059
2018.0,2018-11-06,general,Navajo,Board Member Heber/Overgaard USD 6,4392,400026.0,Heber-Overgaard Unified District (4392),4,1.0,4.0,1.0,3095.0,70.0,2.2617124394184165,"HALL, GWENDOLYN WENDY LEE",A,4.0,485.0,6.184148890937483,small,3.2,88.0,6.381443298969073
2018.0,2018-11-06,general,Navajo,Board Member Kayenta USD 27,4396,404060.0,Kayenta Unified School District #27 (4396),3,1.0,3.0,1.0,4394.0,101.0,2.2985889849795176,"LAUGHTER, RAYMOND",C,2.0,1715.0,7.44716835960004,medium,5.4,79.78142076502732,2.5620991253644316
2018.0,2018-11-06,general,Mohave,Board Member Kingman USD 20,79598,400295.0,Kingman Unified School District (79598),4,1.0,4.0,1.0,42101.0,934.0,2.218474620555331,"YOUNG, CAROLE",C,2.0,6643.0,8.80131894766524,medium,5.9,79.71311475409836,6.337648652717146
2018.0,2018-11-06,general,Cochise,Board Member Pearce Elementary,4186,406150.0,Pearce Elementary District (4186),4,1.0,4.0,1.0,2150.0,108.0,5.023255813953488,"CURRY, ED",B,3.0,90.0,4.499809670330265,small,0.0,,23.88888888888889
2018.0,2018-11-06,general,Navajo,Board Member Pinon USD 4,4390,400023.0,Pinon Unified District (4390),3,1.0,3.0,1.0,3165.0,241.0,7.614533965244866,"NALWOOD, RAMONA",D,1.0,1094.0,6.9975959829819265,medium,7.8,62.65060240963856,2.893053016453382
2018.0,2018-11-06,general,Pinal,Board Member Sacaton Elementary,4449,407200.0,Sacaton Elementary District (4449),2,1.0,2.0,1.0,683.0,159.0,23.2796486090776,"MOYAH, ELAINE",C,2.0,554.0,6.317164686747284,small,18.8,,1.2328519855595668
2018.0,2018-11-06,general,Cochise,Board Member San Simon Unified,4172,407430.0,San Simon Unified District (4172),4,1.0,4.0,1.0,488.0,14.0,2.8688524590163933,"CRANFORD, JERRY JD",B,3.0,112.0,4.718498871295094,small,0.0,,4.357142857142857
2018.0,2018-11-06,general,Apache,Board Member Sanders USD #18,4156,406740.0,Sanders Unified District (4156),5,1.0,5.0,1.0,4251.0,11.0,0.258762644083745,"WATCHMAN, ANITA",D,1.0,714.0,6.570882962339584,small,6.7,56.66666666666666,5.953781512605042
2018.0,2018-11-06,general,Navajo,Board Member Show Low USD #10,4393,407700.0,Show Low Unified District  (4393),1,1.0,1.0,0.0,5530.0,,,"ANDERSON, STACY",B,3.0,2403.0,7.784473235736469,medium,3.5,81.7258883248731,2.301290054099043
2018.0,2018-11-06,general,Cochise,Board Member Sierra Vista Unified,4175,401460.0,Sierra Vista Unified District (4175),2,1.0,2.0,1.0,25385.0,548.0,2.1587551703762062,"SHERIFF, HOLLIE",C,2.0,5690.0,8.646465527120377,medium,1.9,91.48148148148148,4.461335676625659
2018.0,2018-11-06,general,Mohave,Board Member Topock ESD 12,4376,408640.0,Topock Elementary District (4376),5,1.0,5.0,1.0,1305.0,7.0,0.5363984674329502,"DAUGHERTY, TOM",C,2.0,118.0,4.770684624465665,small,,,11.059322033898304
2018.0,2018-11-06,general,Santa Cruz,Board Member USD 1,4457,405530.0,Nogales Unified District (4457),4,1.0,4.0,1.0,8152.0,272.0,3.3366045142296366,"ROJAS, ROBERT",B,3.0,5847.0,8.67368398817567,medium,1.2,92.32323232323232,1.3942192577390116
2018.0,2018-11-06,general,Mohave,Board Member Valentine ESD 22,4380,408880.0,Valentine Elementary District (4380),3,1.0,3.0,1.0,83.0,10.0,12.048192771084338,"HOPPER, ETHEN",C,2.0,98.0,4.584967478670572,small,0.0,,0.8469387755102041
2018.0,2018-11-06,general,Navajo,Board Member Whiteriver USD 20,4394,409160.0,Whiteriver Unified District (4394),5,1.0,5.0,1.0,3467.0,202.0,5.826362849725988,"LUPE, CANDY",C,2.0,2207.0,7.699389406256737,medium,14.9,66.875,1.57091073855913
2018.0,2018-11-06,general,Gila,Board Member Whiteriver Unified,4394,409160.0,Whiteriver Unified District (4394),5,1.0,5.0,1.0,449.0,1.0,0.22271714922048996,"THOMPSON, ERWIN",C,2.0,2207.0,7.699389406256737,medium,14.9,66.875,0.20344358858178524
2018.0,2018-11-06,general,Apache,Board Member Window Rock USD #08,4154,409430.0,Window Rock Unified District (4154),8,1.0,8.0,1.0,9708.0,204.0,2.1013597033374536,"KEE-BILLISON, YVONNE",D,1.0,1933.0,7.566828479208331,medium,5.1,70.625,5.022245214692188
2018.0,2018-11-06,general,Navajo,Board Member Winslow USD 1,4387,409460.0,Winslow Unified District (4387),3,1.0,3.0,1.0,4394.0,228.0,5.188893946290396,"MONTOYA, JOSEPHINE ""DODIE""",C,2.0,1989.0,7.5953872788539725,medium,5.2,81.13207547169812,2.2091503267973858
2018.0,2018-11-06,general,Gila,Board Member Young Elementary,4213,409540.0,Young Elementary District (4213),6,1.0,6.0,1.0,756.0,66.0,8.73015873015873,"CORTEZ, CURTIS",,,41.0,3.713572066704308,small,0.0,,18.4390243902439
2018.0,2018-11-06,general,Graham,Bonita ESD,4224,401260.0,Bonita Elementary District (4224),2,1.0,2.0,1.0,118.0,24.0,20.33898305084746,"BUDGET INCREASE, NO",B,3.0,86.0,4.454347296253507,small,0.0,,1.372093023255814
2018.0,2018-11-06,general,Maricopa,Buckeye UHSD #201,4284,401410.0,Buckeye Union High School District (4284),3,1.0,3.0,1.0,24786.0,101.0,0.40748809811990644,"AHLSTROM, KRISTEN E.",C,2.0,4014.0,8.297543529356284,medium,1.0,92.7536231884058,6.174887892376682
2018.0,2018-11-06,general,Maricopa,Cartwright ESD #83,4282,401680.0,Cartwright Elementary District (4282),3,1.0,3.0,1.0,19604.0,3794.0,19.35319322587227,"HERNANDEZ, LYDIA",C,2.0,17292.0,9.757999245787522,large,2.3,,1.133703446680546
2018.0,2018-11-06,general,Maricopa,Cave Creek USD #93,4244,400001.0,Cave Creek Unified District (4244),5,2.0,2.5,1.0,64733.0,2805.0,4.3331840019773535,"HATCHER, BETH M.; JOIN EVIT, YES",A,4.0,5412.0,8.59637398929068,medium,0.7,94.14519906323186,11.961012564671101
2018.0,2018-11-06,general,Maricopa,Chandler USD #80,4242,401870.0,Chandler Unified District #80 (4242),6,1.0,6.0,1.0,123473.0,3339.0,2.7042349339531717,"BRUNER, LARA",A,4.0,44429.0,10.701647688361783,large,1.3,92.39342435218724,2.7791082401134393
2018.0,2018-11-06,general,Maricopa,Creighton ESD #14,4263,402430.0,Creighton Elementary District (4263),4,1.0,4.0,1.0,18360.0,1330.0,7.24400871459695,"RIVERA-CRUZ, CARLA",C,2.0,6056.0,8.708804795117285,medium,3.3,,3.0317040951122856
2018.0,2018-11-06,general,Maricopa,Deer Valley USD #97,4246,407750.0,Deer Valley Unified District (4246),6,1.0,6.0,1.0,115646.0,269.0,0.23260640229666396,"READ, JULIE A.",A,4.0,33085.0,10.40683528644616,large,0.8,94.6938775510204,3.495420885597703
2018.0,2018-11-06,general,Maricopa,Dysart USD #89,4243,402690.0,Dysart Unified District (4243),1,1.0,1.0,0.0,39760.0,,,"SAWYER-SINKBEIL, TRACI L.",B,3.0,23999.0,10.085767441795337,large,1.1,93.85188635305076,1.6567356973207217
2018.0,2018-11-06,general,Coconino,FLAGSTAFF USD #1,4192,402860.0,Flagstaff Unified District (4192),5,1.0,5.0,1.0,98333.0,19667.0,20.000406781039935,Times Counted,C,2.0,9657.0,9.175438319966918,medium,3.1,85.85714285714286,10.182561872217045
2018.0,2018-11-06,general,Maricopa,Fountain Hills USD #98,4247,403040.0,Fountain Hills Unified District (4247),3,1.0,3.0,1.0,19762.0,695.0,3.5168505212023073,"RUTKOWSKI, JUDY",A,4.0,1293.0,7.164720378771857,medium,2.6,94.16058394160584,15.283836040216551
2018.0,2018-11-06,general,Pima,"GOVERNING BOARD, ALTAR VALLEY ESD",4418,404770.0,Altar Valley Elementary District (4418),4,1.0,4.0,1.0,2813.0,101.0,3.5904728048346963,"ISABEL, CHRIS",C,2.0,639.0,6.459904454377535,small,8.0,,4.402190923317684
2018.0,2018-11-06,general,Pima,"GOVERNING BOARD, BABOQUIVARI USD",4412,403950.0,Baboquivari Unified School District #40 (4412),6,1.0,6.0,1.0,3798.0,300.0,7.898894154818326,"VANCE, KATHLEEN R.",C,2.0,966.0,6.873163834212518,small,7.9,56.451612903225815,3.9316770186335406
2018.0,2018-11-06,general,Pima,"GOVERNING BOARD, MARANA USD",4404,404630.0,Marana Unified District (4404),3,1.0,3.0,1.0,52187.0,848.0,1.6249257477915957,"CARLSON, TOM",B,3.0,11718.0,9.368881400104733,large,3.0,84.3687374749499,4.453575695511179
2018.0,2018-11-06,general,Pima,"GOVERNING BOARD, TUCSON USD",4403,408800.0,Tucson Unified District (4403),5,1.0,5.0,1.0,250374.0,7386.0,2.949986819717702,"COUNTS, LEILA",C,2.0,45474.0,10.724896013040084,large,2.9,83.95653563438799,5.505871487003563
2018.0,2018-11-06,general,Maricopa,Gila Bend USD #24,4238,403310.0,Gila Bend Unified District (4238),3,1.0,3.0,1.0,764.0,69.0,9.031413612565444,"CARPENTER, JOANNE",F,0.0,433.0,6.07073772800249,small,5.6,81.25,1.7644341801385681
2018.0,2018-11-06,general,Maricopa,Glendale ESD #40,4271,403420.0,Glendale Elementary District (4271),3,1.0,3.0,1.0,24182.0,37.0,0.1530063683731701,"SMITH, SARA",B,3.0,12513.0,9.434523382865056,large,0.6,,1.93255014784624
2018.0,2018-11-06,general,Yavapai,HUMBOLDT USD,4469,403870.0,Humboldt Unified District (4469),3,1.0,3.0,1.0,25707.0,22058.0,85.8054226475279,TotalVotes,B,3.0,5638.0,8.637284671674058,medium,3.4,88.2183908045977,4.559595601277048
2018.0,2018-11-06,general,Maricopa,Kyrene ESD #28,4267,404230.0,Kyrene Elementary District (4267),4,1.0,4.0,1.0,85857.0,3824.0,4.453917560594943,"PRATT, MARGARET",A,4.0,16773.0,9.727525729694754,large,0.4,,5.118762296548024
2018.0,2018-11-06,general,Maricopa,Laveen ESD #59,4276,404290.0,Laveen Elementary District (4276),6,2.0,3.0,1.0,28419.0,2004.0,7.051620394806292,"BARRAGAN, JILL; BUDGET INCREASE, YES",B,3.0,6951.0,8.846640813100485,medium,2.0,,4.088476478204575
2018.0,2018-11-06,general,Maricopa,Litchfield ESD #79,4281,404380.0,Litchfield Elementary District (4281),2,1.0,2.0,1.0,22198.0,2974.0,13.397603387692586,"ZUIDEMA, MELISSA A.",A,4.0,10615.0,9.270023374137356,large,0.5,,2.0911917098445594
2018.0,2018-11-06,general,Maricopa,Littleton ESD #65,4278,404440.0,Littleton Elementary District (4278),2,1.0,2.0,1.0,8550.0,2612.0,30.549707602339183,"BUDGET INCREASE, YES",C,2.0,5621.0,8.634264863002075,medium,1.4,,1.5210816580679594
2018.0,2018-11-06,general,Maricopa,Madison ESD #38,4270,404500.0,Madison Elementary District (4270),3,1.0,3.0,1.0,26669.0,572.0,2.1448123289212195,"KHAZAI, MITRA",A,4.0,5750.0,8.656955133791396,medium,0.6,,4.6380869565217395
2018.0,2018-11-06,general,Maricopa,Mesa USD #4,4235,404970.0,Mesa Unified District (4235),6,2.0,3.0,1.0,334944.0,14526.0,4.336844368013757,"RICHARDSON, JENNY; BUDGET INCREASE, NO",B,3.0,62756.0,11.047009469952846,large,3.0,79.43400302441131,5.337242654088852
2018.0,2018-11-06,general,Maricopa,Osborn ESD #8,4262,405670.0,Osborn Elementary District (4262),3,1.0,3.0,1.0,15564.0,1186.0,7.620149061937805,"PAETZ, KATIE",B,3.0,2831.0,7.9483852851118995,medium,2.6,,5.49770399152243
2018.0,2018-11-06,general,Maricopa,Paradise Vlly USD #69,4241,405930.0,Paradise Valley Unified District (4241),2,1.0,2.0,1.0,99845.0,9712.0,9.727076969302418,"BACON, JULIE",A,4.0,31245.0,10.349614642363182,large,1.5,88.15972222222223,3.195551288206113
2018.0,2018-11-06,general,Maricopa,Pendergast ESD #92,4283,406210.0,Pendergast Elementary District (4283),4,1.0,4.0,1.0,23416.0,823.0,3.5146908097027674,"QUEZADA, MARTIN J.",C,2.0,9725.0,9.182455168486648,medium,0.6,,2.407814910025707
2018.0,2018-11-06,general,Maricopa,Peoria USD #11,4237,406250.0,Peoria Unified School District (4237),4,1.0,4.0,1.0,104357.0,8917.0,8.544707111166476,"PINGERELLI, BEVERLY J.",B,3.0,36634.0,10.508732049920162,large,0.3,95.29372496662216,2.8486378773816674
2018.0,2018-11-06,general,Maricopa,Phoenix ESD #1,4256,406300.0,Phoenix Elementary District (4256),4,1.0,4.0,1.0,18887.0,236.0,1.2495367183777202,"DIAZ, ELORA D.",C,2.0,6481.0,8.776630098427717,medium,0.4,,2.91421076994291
2018.0,2018-11-06,general,Maricopa,Phoenix Union,4286,406330.0,Phoenix Union High School District (4286),6,3.0,2.0,1.0,69370.0,5461.0,7.872279083177165,"ROSS, NAKETA; PARRA, STEPHANIE; GALLARDO, STEVE",C,2.0,27150.0,10.20913232536208,large,2.7,82.08305425318152,2.555064456721915
2018.0,2018-11-06,general,Maricopa,Queen Creek USD #95,4245,406810.0,Queen Creek Unified District (4245),2,1.0,2.0,1.0,19206.0,2155.0,11.220451942101427,"DAVIS, SAMANTHA",A,4.0,7095.0,8.867145589594143,medium,3.0,94.17808219178082,2.7069767441860466
2018.0,2018-11-06,general,Maricopa,Roosevelt ESD #66,4279,407080.0,Roosevelt Elementary District (4279),5,2.0,2.5,1.0,54561.0,1013.0,1.8566375249720497,"CAMPUZANO, MICHELLE ''MS. C''; BUDGET INCREASE, YES",C,2.0,8879.0,9.091444217032327,medium,0.6,,6.144948755490483
2018.0,2018-11-06,general,Maricopa,Scottsdale USD #48,4240,407570.0,Scottsdale Unified District (4240),2,1.0,2.0,1.0,101499.0,12303.0,12.121301687701356,"BECKMAN, PATTY",A,4.0,22518.0,10.022070268363075,large,1.5,92.29607250755288,4.50746069810818
2018.0,2018-11-06,general,Maricopa,Sentinel ESD #71,4250,407680.0,Sentinel Elementary District (4250),2,1.0,2.0,1.0,15.0,4.0,26.666666666666668,"SKOUSEN, TRIXIE",C,2.0,36.0,3.58351893845611,small,,,0.4166666666666667
2018.0,2018-11-06,general,Coconino,TUBA CITY USD #15,4197,408680.0,Tuba City Unified School District #15 (4197),7,1.0,7.0,1.0,12880.0,3088.0,23.975155279503106,Times Counted,C,2.0,1692.0,7.433666540166168,medium,4.0,71.95121951219512,7.612293144208038
2018.0,2018-11-06,general,Maricopa,Tempe ESD #3,4258,408310.0,Tempe School District (4258),3,1.0,3.0,1.0,45428.0,1162.0,2.557893809985031,"MORALES, PATRICK",B,3.0,11707.0,9.367942232479672,large,1.3,,3.8804134278636715
2018.0,2018-11-06,general,Maricopa,Tempe Union,4287,408340.0,Tempe Union High School District (4287),3,1.0,3.0,1.0,126697.0,7890.0,6.227456056575925,"GARCIA, BRIAN",B,3.0,13590.0,9.51708950714519,large,2.1,88.81141045958796,9.322810890360559
2018.0,2018-11-06,general,Maricopa,Tolleson ESD #17,4264,408490.0,Tolleson Elementary District (4264),5,2.0,2.5,1.0,6653.0,178.0,2.6754847437246356,"MORADO, ADRIANA G.; BUDGET INCREASE, YES",C,2.0,3154.0,8.056426767522984,medium,0.4,,2.109384908053266
2018.0,2018-11-06,general,Yavapai,WICKENBURG USD,4236,409190.0,Wickenburg Unified District (4236),3,1.0,3.0,1.0,505.0,429.0,84.95049504950495,TotalVotes,C,2.0,1444.0,7.275172319452771,medium,5.8,78.343949044586,0.3497229916897507
2018.0,2018-11-06,general,Maricopa,Wilson ESD #7,4261,409390.0,Wilson Elementary District (4261),2,1.0,2.0,1.0,300.0,88.0,29.333333333333332,"BUDGET INCREASE, YES",C,2.0,1204.0,7.093404625868766,medium,3.6,,0.24916943521594684
2020.0,2020-11-03,general,Maricopa,Alhambra ESD #68,4280,400600.0,Alhambra Elementary District (4280),2,1.0,2.0,1.0,16623.0,4753.0,28.592913433194973,"BUDGET INCREASE, YES",,,11830.0,9.378393956972433,large,0.91,,1.405156382079459
2020.0,2020-11-03,general,Maricopa,Arlington ESD #47,4274,400840.0,Arlington Elementary District (4274),4,1.0,4.0,1.0,838.0,6.0,0.7159904534606205,"SAWYER, ERIC",,,260.0,5.560681631015528,small,0.0,,3.223076923076923
2020.0,2020-11-03,general,Maricopa,Balsz ESD #31,4268,401050.0,Balsz Elementary District (4268),6,2.0,3.0,1.0,25217.0,1371.0,5.436808502200896,"KNIGHT, GAIL Q.; BUDGET INCREASE, YES",,,2285.0,7.734121303328305,medium,2.11,,11.035886214442014
2020.0,2020-11-03,general,Apache,Board Member Concho ESD,4160,402190.0,Concho Elementary District (4160),3,1.0,3.0,1.0,2524.0,57.0,2.2583201267828845,"LARSON, STEPHEN",,,168.0,5.123963979403259,small,0.0,,15.023809523809524
2020.0,2020-11-03,general,Yuma,Board Member Gadsden ESD 32,4505,403240.0,Gadsden Elementary District (4505),3,1.0,3.0,1.0,9844.0,200.0,2.031694433157253,"LA, ROSA",,,5034.0,8.523970175695261,medium,1.37,,1.955502582439412
2020.0,2020-11-03,general,Apache,Board Member Ganado USD,4157,403290.0,Ganado Unified School District (4157),4,1.0,4.0,1.0,5383.0,509.0,9.455693851012446,"ROANHORSE, MARCARLO",,,1298.0,7.168579897264035,medium,2.42,76.6,4.147149460708783
2020.0,2020-11-03,general,Gila,Board Member Globe Unified,4208,403500.0,Globe Unified District (4208),4,1.0,4.0,1.0,8422.0,85.0,1.0092614580859653,"SANDERS, JACQUE",,,1701.0,7.438971592395862,medium,1.77,90.1,4.951205173427396
2020.0,2020-11-03,general,Apache,Board Member McNary ESD,4163,404860.0,Mcnary Elementary District (4163),2,1.0,2.0,1.0,103.0,15.0,14.563106796116504,"MOODY, CAROLINE",,,129.0,4.859812404361672,small,2.78,,0.7984496124031008
2020.0,2020-11-03,general,Apache,Board Member Round Valley USD,4155,407130.0,Round Valley Unified District (4155),0,,,,2235.0,,,,,,1350.0,7.2078598714324755,medium,2.67,92.9,1.6555555555555554
2020.0,2020-11-03,general,Apache,Board Member Window Rock USD,4154,409430.0,Window Rock Unified District (4154),0,,,,2330.0,,,,,,1928.0,7.564238475170491,medium,2.15,80.7,1.20850622406639
2020.0,2020-11-03,general,Maricopa,Buckeye ESD #33,4269,401380.0,Buckeye Elementary District (4269),4,1.0,4.0,1.0,27227.0,1962.0,7.206082197818342,"LOVITT, AMY B.",,,5536.0,8.619027497297505,medium,0.55,,4.918171965317919
2020.0,2020-11-03,general,Maricopa,Buckeye UHSD #201,4284,401410.0,Buckeye Union High School District (4284),10,,,,8348.0,,,,,,4499.0,8.411610428841172,medium,0.54,95.9,1.8555234496554789
2020.0,2020-11-03,general,Maricopa,Cave Creek USD #93,4244,400001.0,Cave Creek Unified District (4244),6,1.0,6.0,1.0,79743.0,716.0,0.8978844538078578,"BUSBEE, JANET",,,5510.0,8.61431990214696,medium,0.7,96.3,14.472413793103449
2020.0,2020-11-03,general,Maricopa,Chandler USD #80,4242,401870.0,Chandler Unified District #80 (4242),7,1.0,7.0,1.0,228542.0,4566.0,1.9978822273367696,"MOZDZEN, BARB",,,45523.0,10.725972971725227,large,1.26,93.1,5.0203633328207715
2020.0,2020-11-03,general,Maricopa,Creighton ESD #14,4263,402430.0,Creighton Elementary District (4263),11,3.0,3.6666666666666665,1.0,72619.0,916.0,1.2613778763133614,"RAMIREZ, SOPHIA; AYRES, HEATHER L.; BUDGET INCREASE, YES",,,5731.0,8.653645314551737,medium,1.65,,12.671261559937184
2020.0,2020-11-03,general,Maricopa,Deer Valley USD #97,4246,407750.0,Deer Valley Unified District (4246),8,1.0,8.0,1.0,232357.0,3734.0,1.6070099028649878,"PAPERMAN, JENNIE",,,34556.0,10.450336475478775,large,0.68,94.6,6.724071073040861
2020.0,2020-11-03,general,Maricopa,Dysart USD #89,4243,402690.0,Dysart Unified District (4243),6,1.0,6.0,1.0,164673.0,3198.0,1.9420305696744455,"PRITCHARD, CHRISTINE A.K.",,,24429.0,10.103526230135241,large,0.78,92.7,6.740881738916861
2020.0,2020-11-03,general,Pima,GOVERNING BOARD - AJO UNIFIED,4409,400520.0,Ajo Unified District (4409),4,1.0,4.0,1.0,1912.0,43.0,2.2489539748953975,"GUTHRIE JR., LONNIE D.",,,440.0,6.0867747269123065,small,2.87,94.9,4.345454545454546
2020.0,2020-11-03,general,Pima,GOVERNING BOARD - AMPHITHEATER UNIFIED,4406,400680.0,Amphitheater Unified District (4406),4,1.0,4.0,1.0,135019.0,3539.0,2.6211125841548224,"DAY, DEANNA M.",,,13391.0,9.502338118495565,large,4.35,82.6,10.082816817265327
2020.0,2020-11-03,general,Pima,GOVERNING BOARD - CONTINENTAL ELEMENTARY,4416,402250.0,Continental Elementary District (4416),2,1.0,2.0,1.0,27921.0,716.0,2.564378066688156,"MCGIBBON, ANDREW W.",,,677.0,6.517671272912275,small,2.38,,41.242245199409155
2020.0,2020-11-03,general,Pima,GOVERNING BOARD - SUNNYSIDE UNIFIED,4407,408170.0,Sunnyside Unified District (4407),4,1.0,4.0,1.0,47325.0,1116.0,2.358161648177496,"QUINTERO, REBECCA ""BEKI""",,,15539.0,9.651108271786734,large,2.75,76.4,3.0455627775275116
2020.0,2020-11-03,general,Pima,GOVERNING BOARD - TANQUE VERDE UNIFIED,4408,408280.0,Tanque Verde Unified District (4408),4,1.0,4.0,1.0,15340.0,350.0,2.2816166883963493,"VELOSA, ANNE",,,2173.0,7.6838639802564295,medium,0.09,93.9,7.059364933271974
2020.0,2020-11-03,general,Pima,GOVERNING BOARD - TUCSON UNIFIED,4403,408800.0,Tucson Unified District (4403),6,1.0,6.0,1.0,455999.0,27579.0,6.048039579034165,"LUNA ROSE, NATALIE",,,45248.0,10.719913749256245,large,2.73,83.8,10.07777139321075
2020.0,2020-11-03,general,Pima,GOVERNING BOARD - VAIL UNIFIED,4413,408850.0,Vail Unified District (4413),5,1.0,5.0,1.0,74210.0,1205.0,1.6237703813502222,"PRATT, ALLISON",,,13772.0,9.530392824458414,large,0.96,89.5,5.388469358117921
2020.0,2020-11-03,general,Pima,GOVERNING BOARD 2-YEAR TERM - AJO UNIFIED,4409,400520.0,Ajo Unified District (4409),1,1.0,1.0,0.0,912.0,,,"ROBERTSON, WINDY",,,440.0,6.0867747269123065,small,2.87,94.9,2.0727272727272728
2020.0,2020-11-03,general,Pima,GOVERNING BOARD 2-YEAR TERM - CONTINENTAL ELEMENTARY,4416,402250.0,Continental Elementary District (4416),1,1.0,1.0,0.0,14807.0,,,"KAIS, SHELLEY",,,677.0,6.517671272912275,small,2.38,,21.87149187592319
2020.0,2020-11-03,general,Maricopa,Gila Bend USD #24,4238,403310.0,Gila Bend Unified District (4238),8,2.0,4.0,1.0,1532.0,44.0,2.8720626631853787,"SMITH, ELIZABETH 'LIZ'; TURNER, COLBY C.",,,470.0,6.152732694704104,small,6.78,81.3,3.2595744680851064
2020.0,2020-11-03,general,Maricopa,Glendale ESD #40,4271,403420.0,Glendale Elementary District (4271),4,1.0,4.0,1.0,53756.0,585.0,1.0882506138849617,"PIMENTEL, MONICA GALLARDO",,,11618.0,9.360310898552477,large,0.56,,4.626958168359442
2020.0,2020-11-03,general,Maricopa,Higley USD #60,4248,403780.0,Higley Unified School District (4248),4,1.0,4.0,1.0,77203.0,1822.0,2.3600119166353637,"ANDERSON, MICHELLE",,,12985.0,9.471550124096849,large,0.5,96.6,5.945552560646901
2020.0,2020-11-03,general,Maricopa,Isaac ESD #5,4259,403960.0,Isaac Elementary District (4259),4,1.0,4.0,1.0,14064.0,160.0,1.1376564277588168,"GUZMAN, MARIA",,,6132.0,8.721276239991704,medium,9.04,,2.2935420743639923
2020.0,2020-11-03,general,Maricopa,Kyrene ESD #28,4267,404230.0,Kyrene Elementary District (4267),5,1.0,5.0,1.0,167772.0,4571.0,2.7245309109982596,"FAHY, MICHELLE",,,16708.0,9.723642925617066,large,0.11,,10.041417285132871
2020.0,2020-11-03,general,Maricopa,Laveen ESD #59,4276,404290.0,Laveen Elementary District (4276),5,1.0,5.0,1.0,34257.0,949.0,2.7702367399363634,"ANDERSON, MICHELE S.",,,7463.0,8.917712757131387,medium,3.65,,4.590245209701193
2020.0,2020-11-03,general,Maricopa,Liberty ESD #25,4266,404320.0,Liberty Elementary District (4266),3,,,,1546.0,,,,,,3789.0,8.239857411018601,medium,3.67,,0.4080232251253629
2020.0,2020-11-03,general,Maricopa,Litchfield ESD #79,4281,404380.0,Litchfield Elementary District (4281),7,1.0,7.0,1.0,83154.0,1013.0,1.2182216129109844,"ZUIDEMA, MELISSA A.",,,11815.0,9.377125189621008,large,0.09,,7.038002539145155
2020.0,2020-11-03,general,Maricopa,Littleton ESD #65,4278,404440.0,Littleton Elementary District (4278),7,1.0,7.0,1.0,14024.0,12382.0,88.29150028522534,"REYES, KATHY",,,6186.0,8.730043953245016,medium,0.85,,2.267054639508568
2020.0,2020-11-03,general,Maricopa,Madison ESD #38,4270,404500.0,Madison Elementary District (4270),4,1.0,4.0,1.0,54706.0,1757.0,3.211713523196724,"SPEER, SARAH W.",,,5954.0,8.691818541575723,medium,0.27,,9.188108834397044
2020.0,2020-11-03,general,Maricopa,Mesa USD #4,4235,404970.0,Mesa Unified District (4235),6,1.0,6.0,1.0,410622.0,2184.0,0.5318760319710099,"ELLINGSON, LARA SALMON",,,62490.0,11.042761822923127,large,1.84,78.6,6.571003360537686
2020.0,2020-11-03,general,Maricopa,Paradise Valley USD #69,4241,405930.0,Paradise Valley Unified District (4241),7,1.0,7.0,1.0,211427.0,770.0,0.3641918960208488,"GREENBERG, ANNE",,,30866.0,10.337410533460776,large,1.19,88.8,6.849834769649452
2020.0,2020-11-03,general,Maricopa,Peoria USD #11,4237,406250.0,Peoria Unified School District (4237),9,1.0,9.0,1.0,242226.0,904.0,0.373205188542931,"HILL, REBECCA JANE",,,37647.0,10.536008548778417,large,0.36,95.8,6.434138178340904
2020.0,2020-11-03,general,Maricopa,Phoenix ESD #1,4256,406300.0,Phoenix Elementary District (4256),6,1.0,6.0,1.0,36388.0,1815.0,4.987908101571946,"BUENO, JESSICA",,,6213.0,8.734399150063695,medium,0.72,,5.8567519716723
2020.0,2020-11-03,general,Maricopa,Phoenix UHSD #210,4286,406330.0,Phoenix Union High School District (4286),5,1.0,5.0,1.0,169600.0,15551.0,9.169221698113207,"MARQUEZ, AARON",,,27424.0,10.219173821397506,large,3.01,81.7,6.18436406067678
2020.0,2020-11-03,general,Maricopa,Queen Creek ESD #95,4245,406810.0,Queen Creek Unified District (4245),8,1.0,8.0,1.0,62801.0,730.0,1.1624018725816467,"REVOLT, JENNIFER",,,9410.0,9.149528232579426,medium,1.67,94.8,6.673857598299681
2020.0,2020-11-03,general,Maricopa,Roosevelt ESD #66,4279,407080.0,Roosevelt Elementary District (4279),8,1.0,8.0,1.0,41117.0,26503.0,64.45752365201741,"ROBINSON, LAWRENCE A.",,,8240.0,9.016755622903517,medium,0.23,,4.989927184466019
2020.0,2020-11-03,general,Maricopa,Scottsdale USD #48,4240,407570.0,Scottsdale Unified District (4240),6,1.0,6.0,1.0,251216.0,11446.0,4.5562384561492895,"CIENIAWSKI, JULIE",,,22340.0,10.014134072623191,large,0.8,94.1,11.245120859444942
2020.0,2020-11-03,general,Maricopa,Tempe ESD #3,4258,408310.0,Tempe School District (4258),9,1.0,9.0,1.0,69176.0,6818.0,9.856019428703597,"TREJO, MONICA",,,12142.0,9.40442579569038,large,3.32,,5.69724921759183
2020.0,2020-11-03,general,Maricopa,Tempe UHSD #213,4287,408340.0,Tempe Union High School District (4287),8,1.0,8.0,1.0,297588.0,1720.0,0.5779802949043644,"HODGE, BERDETTA B.",,,13119.0,9.48181684008103,large,1.46,90.9,22.68374113880631
2020.0,2020-11-03,general,Maricopa,Washington ESD #6,4260,409060.0,Washington Elementary School District (4260),5,1.0,5.0,1.0,161228.0,126.0,0.07815019723621207,"PETERSON, LINDSEY",,,22444.0,10.018778596870863,large,1.37,,7.183567991445375
2022.0,2022-11-08,general,Maricopa,Alhambra ESD #68,4280,400600.0,Alhambra Elementary District (4280),3,1.0,3.0,1.0,12951.0,673.0,5.196509922013744,"SOLORIO ACUÃ‘A, CHRISTIAN",B,3.0,10219.0,9.23200401161221,large,9.5,,1.2673451414032684
2022.0,2022-11-08,general,Maricopa,Buckeye ESD #33,4269,401380.0,Buckeye Elementary District (4269),3,1.0,3.0,1.0,12354.0,227.0,1.8374615509146837,"RAGSDALE, GINA",B,3.0,5682.0,8.645058562414134,medium,2.5,,2.174234424498416
2022.0,2022-11-08,general,Maricopa,Cartwright ESD #83,4282,401680.0,Cartwright Elementary District (4282),3,1.0,3.0,1.0,17075.0,2744.0,16.070278184480237,"HERNANDEZ, LYDIA",B,3.0,14817.0,9.603530449208735,large,2.0,,1.1523925221029898
2022.0,2022-11-08,general,Maricopa,Cave Creek USD #93,4244,400001.0,Cave Creek Unified District (4244),6,2.0,3.0,1.0,93456.0,579.0,0.619542886492039,"BROWN, SCOTT; BUDGET INCREASE, NO",A,4.0,4846.0,8.48590890137647,medium,,92.8,19.28518365662402
2022.0,2022-11-08,general,Maricopa,Chandler USD #80,4242,401870.0,Chandler Unified District #80 (4242),5,1.0,5.0,1.0,146410.0,294.0,0.2008059558773308,"ROHRS, KURT D.",A,4.0,43806.0,10.687526073284142,large,2.5,90.1,3.3422362233484
2022.0,2022-11-08,general,Maricopa,Deer Valley USD #97,4246,407750.0,Deer Valley Unified District (4246),4,1.0,4.0,1.0,142111.0,1471.0,1.0351063605210011,"SIMACEK, STEPHANIE N.",A,4.0,33303.0,10.413402762000757,large,,94.2,4.267213163979221
2022.0,2022-11-08,general,Maricopa,Dysart USD #89,4243,402690.0,Dysart Unified District (4243),4,1.0,4.0,1.0,90804.0,3185.0,3.5075547332716623,"DRAKE, JENNIFER",A,4.0,23528.0,10.065946480233832,large,2.6,93.2,3.8594015640938455
2022.0,2022-11-08,general,Maricopa,Fountain Hills USD #98,4247,403040.0,Fountain Hills Unified District (4247),8,2.0,4.0,1.0,36366.0,69.0,0.18973766705164163,"SETTLE, LIBBY L.; BUDGET INCREASE, NO",B,3.0,1286.0,7.1592919047975645,medium,5.5,77.4,28.278382581648522
2022.0,2022-11-08,general,Maricopa,Fowler ESD #45,4273,403060.0,Fowler Elementary District (4273),4,1.0,4.0,1.0,6508.0,99.0,1.5212046711739398,"MONTOYA, FRANCISCA",C,2.0,3733.0,8.224967478914584,medium,5.3,,1.7433699437449772
2022.0,2022-11-08,general,Maricopa,Gilbert USD #41,4239,403400.0,Gilbert Unified District (4239),4,1.0,4.0,1.0,102396.0,1192.0,1.164107972967694,"THOMPSON, CHAD",A,4.0,33644.0,10.423590013082327,large,3.7,86.5,3.0435144453691594
2022.0,2022-11-08,general,Maricopa,Glendale UHSD #205,4285,403450.0,Glendale Union High School District (4285),3,1.0,3.0,1.0,90675.0,3593.0,3.962503446374414,"KENNEDY, PATTY",A,4.0,16657.0,9.720585827477107,large,3.4,78.9,5.443657321246323
2022.0,2022-11-08,general,Maricopa,Higley USD #60,4248,403780.0,Higley Unified School District (4248),4,1.0,4.0,1.0,44835.0,151.0,0.33679045388647266,"WADE, AMANDA",A,4.0,13154.0,9.484481173861296,large,,96.0,3.408468906796412
2022.0,2022-11-08,general,Maricopa,Kyrene ESD #28,4267,404230.0,Kyrene Elementary District (4267),3,1.0,3.0,1.0,84046.0,2945.0,3.504033505461295,"WALSH, KEVIN",A,4.0,15112.0,9.623244409181346,large,2.3,,5.561540497617787
2022.0,2022-11-08,general,Maricopa,Laveen ESD #59,4276,404290.0,Laveen Elementary District (4276),4,1.0,4.0,1.0,18667.0,329.0,1.7624685273477259,"ABEGG, LINDA",A,4.0,7528.0,8.926384681265215,medium,4.3,,2.4796758767268865
2022.0,2022-11-08,general,Maricopa,Liberty ESD #25,4266,404320.0,Liberty Elementary District (4266),5,2.0,2.5,1.0,32077.0,866.0,2.699753717616984,"PARKS, BRYAN A.; BUDGET INCREASE, YES",C,2.0,4228.0,8.349484346990128,medium,3.1,,7.586802270577105
2022.0,2022-11-08,general,Maricopa,Litchfield ESD #79,4281,404380.0,Litchfield Elementary District (4281),4,1.0,4.0,1.0,45054.0,1273.0,2.8254982909397612,"OWENS, RYAN",A,4.0,10877.0,9.294405747093851,large,,,4.142134779810609
2022.0,2022-11-08,general,Maricopa,Littleton ESD #65,4278,404440.0,Littleton Elementary District (4278),5,2.0,2.5,1.0,17848.0,71.0,0.3978036754818467,"BARNETT, RACHEL R.; SOUCINEK, AMY E.",B,3.0,5658.0,8.640825751861513,medium,,,3.154471544715447
2022.0,2022-11-08,general,Maricopa,Madison ESD #38,4270,404500.0,Madison Elementary District (4270),5,2.0,2.5,1.0,54319.0,1318.0,2.4264069662549015,"THOMPSON, CHRISTINE M.; BUDGET INCREASE, YES",B,3.0,5780.0,8.662158961666423,medium,,,9.397750865051902
2022.0,2022-11-08,general,Maricopa,Mesa USD #4,4235,404970.0,Mesa Unified District (4235),7,1.0,7.0,1.0,215484.0,4184.0,1.9416754840266564,"HUTCHINSON, MARCIE",B,3.0,58595.0,10.978404647692702,large,4.5,77.8,3.6775151463435445
2022.0,2022-11-08,general,Maricopa,Murphy ESD #21,4265,405400.0,Murphy Elementary District (4265),3,1.0,3.0,1.0,1174.0,18.0,1.5332197614991483,"GONZALEZ, GUADALUPE M.",B,3.0,1271.0,7.147559271189454,medium,3.3,,0.923682140047207
2022.0,2022-11-08,general,Maricopa,Nadaburg ESD #81,4252,405460.0,Nadaburg Unified School District (4252),2,1.0,2.0,1.0,4161.0,1801.0,43.28286469598654,"JOIN WEST-MEC CAREER TECHNICAL EDUCATION DESTRICT, YES",B,3.0,992.0,6.899723107284872,small,2.1,,4.194556451612903
2022.0,2022-11-08,general,Maricopa,Osborn ESD #8,4262,405670.0,Osborn Elementary District (4262),5,1.0,5.0,1.0,17635.0,149.0,0.8449106889707967,"RAMOS, VIOLETA M.",C,2.0,2631.0,7.875119281040293,medium,,,6.702774610414291
2022.0,2022-11-08,general,Maricopa,Paradise Valley USD #69,4241,405930.0,Paradise Valley Unified District (4241),7,2.0,3.5,1.0,217271.0,2580.0,1.1874571387806012,"BAKER, KERRY L.; CHRISTENSEN, SANDRA",A,4.0,28651.0,10.262943625547717,large,2.2,87.6,7.5833653275627375
2022.0,2022-11-08,general,Maricopa,Peoria USD #11,4237,406250.0,Peoria Unified School District (4237),3,1.0,3.0,1.0,116568.0,4118.0,3.5327019422139867,"ROOKS, HEATHER KAY",A,4.0,36693.0,10.510341280155473,large,,94.4,3.1768457198920776
2022.0,2022-11-08,general,Maricopa,Phoenix ESD #1,4256,406300.0,Phoenix Elementary District (4256),2,1.0,2.0,1.0,14169.0,6621.0,46.72877408426847,"SALE, LEASE OR EXCHANGE OF REAL PROPERTY, YES",B,3.0,5384.0,8.591186871324563,medium,2.0,,2.6316864784546805
2022.0,2022-11-08,general,Maricopa,Phoenix UHSD #210,4286,406330.0,Phoenix Union High School District (4286),4,2.0,2.0,1.0,56179.0,292.0,0.5197671727869845,"OLIVER, SIGNA R.; PARRA, STEPHANIE",C,2.0,27730.0,10.230270138609823,large,6.2,72.1,2.025928597187162
2022.0,2022-11-08,general,Maricopa,Queen Creek USD #95,4245,406810.0,Queen Creek Unified District (4245),3,1.0,3.0,1.0,36275.0,1066.0,2.9386629910406614,"DAVIS, SAMANTHA",B,3.0,12559.0,9.438192819018127,large,,93.4,2.8883669081933276
2022.0,2022-11-08,general,Maricopa,Roosevelt ESD #66,4279,407080.0,Roosevelt Elementary District (4279),3,1.0,3.0,1.0,31682.0,5137.0,16.214254150621805,"HODGE, ASHLEY",B,3.0,7305.0,8.8963143241848,medium,2.5,,4.337029431895962
2022.0,2022-11-08,general,Maricopa,Saddle Mountain USD #90,4254,407170.0,Saddle Mountain Unified School District (4254),4,1.0,4.0,1.0,5547.0,166.0,2.992608617270597,"BLACKSON, DANIEL E.",B,3.0,2845.0,7.953318346560431,medium,,92.7,1.9497363796133567
2022.0,2022-11-08,general,Maricopa,Scottsdale USD #48,4240,407570.0,Scottsdale Unified District (4240),7,2.0,3.5,1.0,261348.0,10378.0,3.9709506099147496,"CARNEY, AMY L.; BUDGET INCREASE, YES",A,4.0,21399.0,9.971099470946148,large,2.4,92.3,12.213094069816346
2022.0,2022-11-08,general,Maricopa,Tempe UHSD #213,4287,408340.0,Tempe Union High School District (4287),5,2.0,2.5,1.0,222317.0,8875.0,3.9920473917874024,"STEELE, AMANDA; BUDGET INCREASE, YES",A,4.0,12947.0,9.468619380058648,large,4.1,86.3,17.171313817872868
2022.0,2022-11-08,general,Maricopa,Tolleson UHSD #214,4288,408520.0,Tolleson Union High School District (4288),5,2.0,2.5,1.0,72154.0,4151.0,5.752972808160324,"LUNA-NÃJERA, ELDA; SALE, LEASE OR EXCHANGE OF REAL PROPERTY, YES",B,3.0,13283.0,9.494240301132503,large,3.4,86.7,5.432056011443198
2022.0,2022-11-08,general,Maricopa,Union,4277,408820.0,Union Elementary District (4277),2,1.0,2.0,1.0,2607.0,267.0,10.241657077100115,"BUDGET INCREASE, YES",B,3.0,1698.0,7.437206366871292,medium,6.0,,1.5353356890459364
2022.0,2022-11-08,general,Maricopa,Washington ESD #6,4260,409060.0,Washington Elementary School District (4260),3,1.0,3.0,1.0,70201.0,470.0,0.6695061323912765,"VALENZUELA, TAMILLIA N.",B,3.0,19753.0,9.891060657528001,large,3.1,,3.553941173492634
2022.0,2022-11-08,general,Maricopa,Wilson ESD #7,4261,409390.0,Wilson Elementary District (4261),4,,,,74.0,,,,B,3.0,1065.0,6.970730078143525,medium,9.9,,0.06948356807511737
2024.0,2024-11-05,general,Apache,Alpine Elementary,4161,400630.0,Alpine Elementary District (4161),2,1.0,2.0,1.0,373.0,163.0,43.69973190348526,Travis NOTH,A,4.0,56.0,4.02535169073515,small,,,6.660714285714286
2024.0,2024-11-05,general,Graham,Board Member Bonita USD 16,4224,401260.0,Bonita Elementary District (4224),2,1.0,2.0,1.0,149.0,10.0,6.7114093959731544,"MACUMBER, WENDE",A,4.0,82.0,4.406719247264253,small,,,1.8170731707317074
2024.0,2024-11-05,general,Graham,Board Member Ft. Thomas USD 7,4221,403200.0,Fort Thomas Unified District (4221),11,1.0,11.0,1.0,2267.0,9.0,0.3970004411116012,"OLIVAR JR., ROBERT",B,3.0,624.0,6.436150368369428,small,6.82,65.7,3.6330128205128207
2024.0,2024-11-05,general,Yuma,Board Member Gadsden Elementary,4505,403240.0,Gadsden Elementary District (4505),4,1.0,4.0,1.0,9526.0,2009.0,21.089649380642452,Brian DE LA HOYA,B,3.0,5167.0,8.550047528287184,medium,,,1.843622992065028
2024.0,2024-11-05,general,Apache,Board Member Ganado Unified,4157,403290.0,Ganado Unified School District (4157),4,1.0,4.0,1.0,4919.0,71.0,1.4433828013823948,Marcarlo ROANHORSE,C,2.0,1090.0,6.993932975223189,medium,7.87,72.9,4.512844036697247
2024.0,2024-11-05,general,Gila,Board Member Globe Unified,4208,403500.0,Globe Unified District (4208),4,1.0,4.0,1.0,8147.0,319.0,3.915551736835645,Mary NAVARRO,C,2.0,1671.0,7.421177528595393,medium,5.37,84.7,4.875523638539796
2024.0,2024-11-05,general,Gila,Board Member Hayden Winkelman Unified,4212,403730.0,Hayden-Winkelman Unified District (4212),7,1.0,7.0,1.0,1571.0,7.0,0.4455760661998727,Bobby SMITH,B,3.0,301.0,5.707110264748875,small,,,5.219269102990033
2024.0,2024-11-05,general,Gila,Board Member Payson Unified,4209,406070.0,Payson Unified District (4209),4,1.0,4.0,1.0,24078.0,756.0,3.139795664091702,Audrey HOGUE,B,3.0,2279.0,7.731492029245684,medium,5.06,82.7,10.56516015796402
2024.0,2024-11-05,general,Graham,Board Member Pima USD 6,4220,406440.0,Pima Unified District (4220),4,1.0,4.0,1.0,4958.0,276.0,5.566760790641387,"ALDER, JJ",B,3.0,1079.0,6.983789965258135,medium,4.98,90.7,4.594995366079703
2024.0,2024-11-05,general,Apache,Board Member Red Mesa Unified,4159,406870.0,Red Mesa Unified District (4159),8,1.0,8.0,1.0,7514.0,101.0,1.3441575725312749,Ronald BENALLY,C,2.0,464.0,6.139884552226255,small,4.15,86.0,16.19396551724138
2024.0,2024-11-05,general,Graham,Board Member Safford USD 1,4218,407240.0,Safford Unified District (4218),4,1.0,4.0,1.0,12158.0,73.0,0.6004277019246587,"ENGLAND, KEVIN",B,3.0,2888.0,7.968319500012717,medium,6.48,82.0,4.20983379501385
2024.0,2024-11-05,general,Gila,Board Member San Carlos Unified,4210,406960.0,San Carlos Unified District (4210),2,1.0,2.0,1.0,1518.0,35.0,2.30566534914361,Dennis DUDLEY,C,2.0,1410.0,7.251344983372214,medium,8.13,79.0,1.0765957446808512
2024.0,2024-11-05,general,Graham,Board Member Thatcher USD 4,4219,408410.0,Thatcher Unified District (4219),6,2.0,3.0,1.0,11370.0,23.0,0.20228671943711524,"SMITH, J. TRAVIS; HANCOCK, SUSAN",A,4.0,1820.0,7.506591780070841,medium,3.02,96.2,6.247252747252747
2024.0,2024-11-05,general,Gila,Board Member Whiteriver Unified,4394,409160.0,Whiteriver Unified District (4394),4,1.0,4.0,1.0,1007.0,14.0,1.3902681231380336,"Michael D, TATE",C,2.0,2321.0,7.749753406274437,medium,12.81,70.5,0.43386471348556654
2024.0,2024-11-05,general,Gila,Board Member Young Public School District #5,4213,409540.0,Young Elementary District (4213),7,1.0,7.0,1.0,1452.0,32.0,2.203856749311295,Julee RECKER,A,4.0,55.0,4.007333185232471,small,,,26.4
2024.0,2024-11-05,general,Yuma,Board Member Yuma Elementary,4499,409600.0,Yuma Elementary District (4499),5,1.0,5.0,1.0,71165.0,3.0,0.004215555399423874,"IBARRA, DAVID",C,2.0,8950.0,9.099408811268901,medium,,,7.9513966480446925
2024.0,2024-11-05,general,Pima,Governing Board - Baboquivari School District No. 40,4412,403950.0,Baboquivari Unified School District #40 (4412),4,1.0,4.0,1.0,2965.0,79.0,2.664418212478921,"STEVENS, ANNAMARIE",C,2.0,1046.0,6.952728644624869,medium,14.55,61.1,2.8346080305927344
2024.0,2024-11-05,general,Pima,Governing Board - Catalina Foothills Unified,4410,401760.0,Catalina Foothills Unified District (4410),7,1.0,7.0,1.0,46531.0,924.0,1.9857729255764973,"JACKSON, EILEEN",A,4.0,5164.0,8.549466751966532,medium,,93.1,9.010650658404337
2024.0,2024-11-05,general,Pima,Governing Board - Flowing Wells Unified,4405,403010.0,Flowing Wells Unified District (4405),5,1.0,5.0,1.0,19623.0,786.0,4.005503745604647,"MILLER, STEPHANIE",B,3.0,5281.0,8.571870752706934,medium,4.5,87.3,3.715773527740958
2024.0,2024-11-05,general,Pima,Governing Board - Marana Unified,4404,404630.0,Marana Unified District (4404),6,1.0,6.0,1.0,117820.0,219.0,0.1858767611610932,"RAYMOND, CATHIE",B,3.0,12860.0,9.46187699779161,large,2.88,90.3,9.161741835147746
2024.0,2024-11-05,general,Pima,Governing Board - Sahuarita Unified,4411,407300.0,Sahuarita Unified District (4411),6,1.0,6.0,1.0,29799.0,38.0,0.1275210577536159,"PETERSMARCK, AMY",B,3.0,6423.0,8.767640577257792,medium,2.58,89.4,4.639420831387202
2024.0,2024-11-05,general,Pima,Governing Board - Tanque Verde Unified,4408,408280.0,Tanque Verde Unified District (4408),5,1.0,5.0,1.0,15646.0,466.0,2.9783970343857855,"NEFF, JEFFREY",A,4.0,2205.0,7.6984827878809465,medium,2.99,,7.095691609977324
2024.0,2024-11-05,general,Pima,Governing Board - Tucson Unified,4403,408800.0,Tucson Unified District (4403),6,1.0,6.0,1.0,409472.0,16048.0,3.9191934979681156,"LUNA ROSE, NATALIE",B,3.0,40846.0,10.617564176277103,large,3.98,82.4,10.024775987856827
2024.0,2024-11-05,general,Pima,Governing Board - Vail Unified,4413,408850.0,Vail Unified District (4413),6,1.0,6.0,1.0,82109.0,1381.0,1.6819106309905125,"PRATT, ALLISON",A,4.0,14784.0,9.601300793881466,large,,92.9,5.553909632034632
2024.0,2024-11-05,general,Mohave,LUSD 9,4368,404280.0,Lake Havasu Unified District (4368),2,1.0,2.0,1.0,1531.0,293.0,19.13781841933377,NO,B,3.0,5203.0,8.556990661290303,medium,4.65,85.4,0.29425331539496447
2024.0,2024-11-05,general,Mohave,MVESD 16,4379,405190.0,Mohave Valley Elementary District (4379),2,1.0,2.0,1.0,10631.0,4563.0,42.92164424795409,YES,B,3.0,1264.0,7.142036574706803,medium,,,8.410601265822784
2024.0,2024-11-05,general,Santa Cruz,NUSD#1,4457,405530.0,Nogales Unified District (4457),7,1.0,7.0,1.0,14307.0,163.0,1.1393024393653457,"QUINTERO, MAYRA",B,3.0,5699.0,8.648045999835,medium,,83.6,2.5104404281452886
2024.0,2024-11-05,general,Apache,Sanders Unified,4156,406740.0,Sanders Unified District (4156),3,1.0,3.0,1.0,3349.0,44.0,1.3138250223947445,Margaret YAZZIE,C,2.0,659.0,6.490723534502507,small,4.66,76.9,5.081942336874052
