year,election_date,election_type,county,school_district,ctds_id,nces_leaid,ccd_lea_name,district,office,candidate,party,total_votes,early_voting,election_day,provisional,winner,num_precincts,lea_letter_grade,num_schools_in_lea,total_enrollment,dropout_rate,num_enrolled,num_dropouts,grad_rate_4yr,num_in_cohort,num_graduated,superintendent,supt_hire_year,supt_gender,prior_supt_experience,prior_admin_experience,prior_principal_experience,internal_vs_external,advanced_degree,supt_tenure_at_election
2014.0,2014-11-04,general,Apache,Alpine Elementary,4161.0,0400630.0,Alpine Elementary District (4161),,ALPINE ELEMENTARY SCHOOL DIST. 7 (ELECT 2),"HOLLIDAY, RICK",,126.0,,,,,,,,,,,,,,,,,,,,,,,
2014.0,2014-11-04,general,Apache,Alpine Elementary,4161.0,0400630.0,Alpine Elementary District (4161),,ALPINE ELEMENTARY SCHOOL DIST. 7 (ELECT 2),"POOLE, RONALD",,50.0,,,,,,,,,,,,,,,,,,,,,,,
2014.0,2014-11-04,general,Apache,Alpine Elementary,4161.0,0400630.0,Alpine Elementary District (4161),,ALPINE ELEMENTARY SCHOOL DIST. 7 (ELECT 2),"SONIVE, LINDA",,304.0,,,,,,,,,,,,,,,,,,,,,,,
2014.0,2014-11-04,general,Apache,Alpine Elementary,4161.0,0400630.0,Alpine Elementary District (4161),,ALPINE ELEMENTARY SCHOOL DIST. 7 (ELECT 2),"WHITE, TOM",,302.0,,,,,,,,,,,,,,,,,,,,,,,
2014.0,2014-11-04,general,Apache,Board Member Concho ESD,4160.0,0402190.0,Concho Elementary District (4160),,CONCHO ELEMENTARY SCHOOL DIST. 6 (ELECT 2),"GILBERTSON, LINDA",,800.0,,,,,,,,,,,,,,,,,,,,,,,
2014.0,2014-11-04,general,Apache,Board Member Concho ESD,4160.0,0402190.0,Concho Elementary District (4160),,CONCHO ELEMENTARY SCHOOL DIST. 6 (ELECT 2),"SHOBE, TERRY",,584.0,,,,,,,,,,,,,,,,,,,,,,,
2014.0,2014-11-04,general,Apache,Board Member Concho ESD,4160.0,0402190.0,Concho Elementary District (4160),,CONCHO ELEMENTARY SCHOOL DIST. 6 (ELECT 2),"SKOUSEN, CURTIS",,566.0,,,,,,,,,,,,,,,,,,,,,,,
2014.0,2014-11-04,general,Apache,Board Member McNary ESD,4163.0,0404860.0,Mcnary Elementary District (4163),,MC NARY ELEMENTARY SCHOOL DIST. 23 (ELECT 1),"TSO, DELPHINA",,48.0,,,,,,,,,,,,,,,,,,,,,,,
2014.0,2014-11-04,general,Apache,Board Member Red Mesa Unified,4159.0,0406870.0,Red Mesa Unified District (4159),,RED MESA UNIFIED SCHOOL DIST. 27 (ELECT 2),"BEGAY, ERNEST HARRY",,2524.0,,,,,,,,,,,,,,,,,,,,,,,
2014.0,2014-11-04,general,Apache,Board Member Red Mesa Unified,4159.0,0406870.0,Red Mesa Unified District (4159),,RED MESA UNIFIED SCHOOL DIST. 27 (ELECT 2),"BEN, PEARL",,1166.0,,,,,,,,,,,,,,,,,,,,,,,
2014.0,2014-11-04,general,Apache,Board Member Red Mesa Unified,4159.0,0406870.0,Red Mesa Unified District (4159),,RED MESA UNIFIED SCHOOL DIST. 27 (ELECT 2),"JAMES, PAULA",,1350.0,,,,,,,,,,,,,,,,,,,,,,,
2014.0,2014-11-04,general,Apache,Board Member Red Mesa Unified,4159.0,0406870.0,Red Mesa Unified District (4159),,RED MESA UNIFIED SCHOOL DIST. 27 (ELECT 2),"SAGGBOY, MARTHA",,1674.0,,,,,,,,,,,,,,,,,,,,,,,
2014.0,2014-11-04,general,Apache,Board Member Round Valley USD,4155.0,0407130.0,Round Valley Unified District (4155),,ROUND VALLEY UNIFIED SCHOOL DIST. 10 (ELECT 3),"ELDER, STEVE",,1004.0,,,,,,,,,,,,,,,,,,,,,,,
2014.0,2014-11-04,general,Apache,Board Member Round Valley USD,4155.0,0407130.0,Round Valley Unified District (4155),,ROUND VALLEY UNIFIED SCHOOL DIST. 10 (ELECT 3),"ERHART, GREG",,2584.0,,,,,,,,,,,,,,,,,,,,,,,
2014.0,2014-11-04,general,Apache,Board Member Round Valley USD,4155.0,0407130.0,Round Valley Unified District (4155),,ROUND VALLEY UNIFIED SCHOOL DIST. 10 (ELECT 3),"HADLOCK, REECE",,1746.0,,,,,,,,,,,,,,,,,,,,,,,
2014.0,2014-11-04,general,Apache,Board Member Round Valley USD,4155.0,0407130.0,Round Valley Unified District (4155),,ROUND VALLEY UNIFIED SCHOOL DIST. 10 (ELECT 3),"JORDAN, SHASTA",,1012.0,,,,,,,,,,,,,,,,,,,,,,,
2014.0,2014-11-04,general,Apache,Board Member Round Valley USD,4155.0,0407130.0,Round Valley Unified District (4155),,ROUND VALLEY UNIFIED SCHOOL DIST. 10 (ELECT 3),"NEDROW, MARY",,1716.0,,,,,,,,,,,,,,,,,,,,,,,
2014.0,2014-11-04,general,Apache,Board Member Round Valley USD,4155.0,0407130.0,Round Valley Unified District (4155),,ROUND VALLEY UNIFIED SCHOOL DIST. 10 (ELECT 3),"STINSON, JEREMY",,1306.0,,,,,,,,,,,,,,,,,,,,,,,
2014.0,2014-11-04,general,Apache,Board Member Round Valley USD,4155.0,0407130.0,Round Valley Unified District (4155),,ROUND VALLEY UNIFIED SCHOOL DIST. 10 (ELECT 3),"WEST, STEVE",,1832.0,,,,,,,,,,,,,,,,,,,,,,,
2014.0,2014-11-04,general,Apache,Board Member Sanders USD #18,4156.0,0406740.0,Sanders Unified District (4156),,SANDERS UNIFIED SCHOOL DIST. 18 (ELECT 3),"APACHEE, MARLENE S.",,1578.0,,,,,,,,,,,,,,,,,,,,,,,
2014.0,2014-11-04,general,Apache,Board Member Sanders USD #18,4156.0,0406740.0,Sanders Unified District (4156),,SANDERS UNIFIED SCHOOL DIST. 18 (ELECT 3),"ASERET, LOMARDO",,1458.0,,,,,,,,,,,,,,,,,,,,,,,
2014.0,2014-11-04,general,Apache,Board Member Sanders USD #18,4156.0,0406740.0,Sanders Unified District (4156),,SANDERS UNIFIED SCHOOL DIST. 18 (ELECT 3),"COLLYMORE, KERN",,960.0,,,,,,,,,,,,,,,,,,,,,,,
2014.0,2014-11-04,general,Apache,Board Member Sanders USD #18,4156.0,0406740.0,Sanders Unified District (4156),,SANDERS UNIFIED SCHOOL DIST. 18 (ELECT 3),"DAVID, KIRBY",,978.0,,,,,,,,,,,,,,,,,,,,,,,
2014.0,2014-11-04,general,Apache,Board Member Sanders USD #18,4156.0,0406740.0,Sanders Unified District (4156),,SANDERS UNIFIED SCHOOL DIST. 18 (ELECT 3),"WATCHMAN, ANITA",,1798.0,,,,,,,,,,,,,,,,,,,,,,,
2014.0,2014-11-04,general,Apache,Board Member Sanders USD #18,4156.0,0406740.0,Sanders Unified District (4156),,SANDERS UNIFIED SCHOOL DIST. 18 (ELECT 3),"YAZZIE, JACKIE, JR.",,982.0,,,,,,,,,,,,,,,,,,,,,,,
2014.0,2014-11-04,general,Apache,Bd Member St. John USD 1,4153.0,0408080.0,St Johns Unified District (4153),,ST. JOHNS UNIFIED SCHOOL DIST. 1 (ELECT 3),"BELOTE, SIERRA",,1018.0,,,,,,,,,,,,,,,,,,,,,,,
2014.0,2014-11-04,general,Apache,Bd Member St. John USD 1,4153.0,0408080.0,St Johns Unified District (4153),,ST. JOHNS UNIFIED SCHOOL DIST. 1 (ELECT 3),"EISLEY, DAVID",,1218.0,,,,,,,,,,,,,,,,,,,,,,,
2014.0,2014-11-04,general,Apache,Bd Member St. John USD 1,4153.0,0408080.0,St Johns Unified District (4153),,ST. JOHNS UNIFIED SCHOOL DIST. 1 (ELECT 3),"OVERSON, BRENT",,1272.0,,,,,,,,,,,,,,,,,,,,,,,
2014.0,2014-11-04,general,Apache,Bd Member St. John USD 1,4153.0,0408080.0,St Johns Unified District (4153),,ST. JOHNS UNIFIED SCHOOL DIST. 1 (ELECT 3),"PATTERSON, EVE",,1390.0,,,,,,,,,,,,,,,,,,,,,,,
2014.0,2014-11-04,general,Apache,Bd Member St. John USD 1,4153.0,0408080.0,St Johns Unified District (4153),,ST. JOHNS UNIFIED SCHOOL DIST. 1 (ELECT 3),"WHITING, KENNETH",,1108.0,,,,,,,,,,,,,,,,,,,,,,,
2014.0,2014-11-04,general,Apache,Bd Member Vernon ESD 9,4162.0,0400022.0,Vernon Elementary District (4162),,VERNON ELEMENTARY SCHOOL DIST. 9 (ELECT 2),"COOMBS, STEPHEN",,392.0,,,,,,,,,,,,,,,,,,,,,,,
2014.0,2014-11-04,general,Apache,Bd Member Vernon ESD 9,4162.0,0400022.0,Vernon Elementary District (4162),,VERNON ELEMENTARY SCHOOL DIST. 9 (ELECT 2),"HUMPHREY, IRENE M.",,490.0,,,,,,,,,,,,,,,,,,,,,,,
2014.0,2014-11-04,general,Apache,Bd Member Vernon ESD 9,4162.0,0400022.0,Vernon Elementary District (4162),,VERNON ELEMENTARY SCHOOL DIST. 9 (ELECT 2),"HUNSAKER, SEAN",,612.0,,,,,,,,,,,,,,,,,,,,,,,
2014.0,2014-11-04,general,Apache,Bd Member Vernon ESD 9,4162.0,0400022.0,Vernon Elementary District (4162),,VERNON ELEMENTARY SCHOOL DIST. 9 (ELECT 2),"WAGSTAFF, RAY",,292.0,,,,,,,,,,,,,,,,,,,,,,,
2014.0,2014-11-04,general,Apache,Bd Member Vernon ESD 9,4162.0,0400022.0,Vernon Elementary District (4162),,VERNON ELEMENTARY SCHOOL DIST. 9 (ELECT 2),"WILHELM, JOHN",,490.0,,,,,,,,,,,,,,,,,,,,,,,
2014.0,2014-11-04,general,Apache,Board Member Window Rock USD #08,4154.0,0409430.0,Window Rock Unified District (4154),,WINDOW ROCK UNIFIED SCHOOL DIST. 8 (ELECT 3),"ASHLEY, FLOYD",,2688.0,,,,,,,,,,,,,,,,,,,,,,,
2014.0,2014-11-04,general,Apache,Board Member Window Rock USD #08,4154.0,0409430.0,Window Rock Unified District (4154),,WINDOW ROCK UNIFIED SCHOOL DIST. 8 (ELECT 3),"GUY, LYNNETTE",,2660.0,,,,,,,,,,,,,,,,,,,,,,,
2014.0,2014-11-04,general,Apache,Board Member Window Rock USD #08,4154.0,0409430.0,Window Rock Unified District (4154),,WINDOW ROCK UNIFIED SCHOOL DIST. 8 (ELECT 3),"HILLIS, CARL",,3036.0,,,,,,,,,,,,,,,,,,,,,,,
2014.0,2014-11-04,general,Apache,Board Member Window Rock USD #08,4154.0,0409430.0,Window Rock Unified District (4154),,WINDOW ROCK UNIFIED SCHOOL DIST. 8 (ELECT 3),"NELSON, LORRAINE W.",,2178.0,,,,,,,,,,,,,,,,,,,,,,,
2014.0,2014-11-04,general,Apache,Board Member Window Rock USD #08,4154.0,0409430.0,Window Rock Unified District (4154),,WINDOW ROCK UNIFIED SCHOOL DIST. 8 (ELECT 3),"WAUNEKA, BRENDA",,2828.0,,,,,,,,,,,,,,,,,,,,,,,
2018.0,2018-11-06,general,Apache,Board Member McNary ESD,4163.0,0404860.0,Mcnary Elementary District (4163),,Board Member McNary Elem SD #23,"ALDERETE, ESPERANZA G.",NON,49.0,10.0,38.0,,,,,,,,,,,,,,,,,,,,,
2018.0,2018-11-06,general,Apache,Board Member McNary ESD,4163.0,0404860.0,Mcnary Elementary District (4163),,Board Member McNary Elem SD #23,"ARREDONDO, GLADYS",NON,28.0,3.0,25.0,,,,,,,,,,,,,,,,,,,,,
2018.0,2018-11-06,general,Apache,Board Member McNary ESD,4163.0,0404860.0,Mcnary Elementary District (4163),,Board Member McNary Elem SD #23,"HINTON SMITH, LEONA",NON,29.0,6.0,23.0,,,,,,,,,,,,,,,,,,,,,
2018.0,2018-11-06,general,Apache,Board Member McNary ESD,4163.0,0404860.0,Mcnary Elementary District (4163),,Board Member McNary Elem SD #23,"MOODY, CAROLINE",NON,26.0,5.0,21.0,,,,,,,,,,,,,,,,,,,,,
2024.0,2024-11-05,general,Cochise,Board Member Benson USD #09,79226.0,0400212.0,Benson Unified School District (79226),,Board Member - Benson USD 9,Brett BARNEY,,2426.0,1828.0,586.0,12.0,,,,,,,,,,,,,,,,,,,,
2024.0,2024-11-05,general,Cochise,Board Member Benson USD #09,79226.0,0400212.0,Benson Unified School District (79226),,Board Member - Benson USD 9,John SCOTT,,2026.0,1523.0,494.0,9.0,,,,,,,,,,,,,,,,,,,,
2024.0,2024-11-05,general,Cochise,Board Member Benson USD #09,79226.0,0400212.0,Benson Unified School District (79226),,Board Member - Benson USD 9,Mandy M. KONRAD,,2227.0,1663.0,551.0,13.0,,,,,,,,,,,,,,,,,,,,
2024.0,2024-11-05,general,Cochise,Board Member Benson USD #09,79226.0,0400212.0,Benson Unified School District (79226),,Board Member - Benson USD 9,Overvotes,,3.0,3.0,,,,,,,,,,,,,,,,,,,,,,
2024.0,2024-11-05,general,Cochise,Board Member Benson USD #09,79226.0,0400212.0,Benson Unified School District (79226),,Board Member - Benson USD 9,Robert BERNAL,,2623.0,1956.0,656.0,11.0,,,,,,,,,,,,,,,,,,,,
2024.0,2024-11-05,general,Cochise,Board Member Benson USD #09,79226.0,0400212.0,Benson Unified School District (79226),,Board Member - Benson USD 9,Undervotes,,4636.0,3645.0,967.0,24.0,,,,,,,,,,,,,,,,,,,,
2024.0,2024-11-05,general,Cochise,Board Member San Simon Unified,4172.0,0407430.0,San Simon Unified District (4172),,Board Member - 2YR - San Simon USD 18,Peter GRILL,,339.0,281.0,57.0,1.0,,,,,,,,,,,,,,,,,,,,
2024.0,2024-11-05,general,Cochise,Board Member San Simon Unified,4172.0,0407430.0,San Simon Unified District (4172),,Board Member - 2YR - San Simon USD 18,Undervotes,,77.0,58.0,19.0,,,,,,,,,,,,,,,,,,,,,
2024.0,2024-11-05,general,Cochise,Board Member San Simon Unified,4172.0,0407430.0,San Simon Unified District (4172),,Board Member - 4YR - San Simon USD 18,Dustry PIERCE,,260.0,208.0,51.0,1.0,,,,,,,,,,,,,,,,,,,,
2024.0,2024-11-05,general,Cochise,Board Member San Simon Unified,4172.0,0407430.0,San Simon Unified District (4172),,Board Member - 4YR - San Simon USD 18,Jason D. SLOAN,,232.0,187.0,44.0,1.0,,,,,,,,,,,,,,,,,,,,
2024.0,2024-11-05,general,Cochise,Board Member San Simon Unified,4172.0,0407430.0,San Simon Unified District (4172),,Board Member - 4YR - San Simon USD 18,John NOVAK,,179.0,144.0,35.0,,,,,,,,,,,,,,,,,,,,,
2024.0,2024-11-05,general,Cochise,Board Member San Simon Unified,4172.0,0407430.0,San Simon Unified District (4172),,Board Member - 4YR - San Simon USD 18,Mary SPARKMAN,,66.0,58.0,8.0,,,,,,,,,,,,,,,,,,,,,
2024.0,2024-11-05,general,Cochise,Board Member San Simon Unified,4172.0,0407430.0,San Simon Unified District (4172),,Board Member - 4YR - San Simon USD 18,Overvotes,,4.0,4.0,,,,,,,,,,,,,,,,,,,,,,
2024.0,2024-11-05,general,Cochise,Board Member San Simon Unified,4172.0,0407430.0,San Simon Unified District (4172),,Board Member - 4YR - San Simon USD 18,"Robert ""RC"" REYNOLDS",,242.0,201.0,40.0,1.0,,,,,,,,,,,,,,,,,,,,
2024.0,2024-11-05,general,Cochise,Board Member San Simon Unified,4172.0,0407430.0,San Simon Unified District (4172),,Board Member - 4YR - San Simon USD 18,Undervotes,,681.0,554.0,126.0,1.0,,,,,,,,,,,,,,,,,,,,
2014.0,2014-11-04,general,Coconino,PAGE USD #8,4196.0,0405820.0,Page Unified School District #8  (4196),,PAGE USD BOARD MEMBER,"ADDY, CAROL",,2974.0,,,,,,,,,,,,,,,,,,,,,,,
2014.0,2014-11-04,general,Coconino,PAGE USD #8,4196.0,0405820.0,Page Unified School District #8  (4196),,PAGE USD BOARD MEMBER,"CANDELARIA, ROBERT",,3994.0,,,,,,,,,,,,,,,,,,,,,,,
2014.0,2014-11-04,general,Coconino,PAGE USD #8,4196.0,0405820.0,Page Unified School District #8  (4196),,PAGE USD BOARD MEMBER,"MCKERRY, DELORES",,2984.0,,,,,,,,,,,,,,,,,,,,,,,
2014.0,2014-11-04,general,Coconino,TUBA CITY USD #15,4197.0,0408680.0,Tuba City Unified School District #15 (4197),,TUBA CITY UNIFIED SCHOOL DISTRICT BOARD MEMBER,"BENNETT, ROLAND H.",,2720.0,,,,,,,,,,,,,,,,,,,,,,,
2014.0,2014-11-04,general,Coconino,TUBA CITY USD #15,4197.0,0408680.0,Tuba City Unified School District #15 (4197),,TUBA CITY UNIFIED SCHOOL DISTRICT BOARD MEMBER,"KANASWOOD, PRISCILLA",,1916.0,,,,,,,,,,,,,,,,,,,,,,,
2014.0,2014-11-04,general,Coconino,TUBA CITY USD #15,4197.0,0408680.0,Tuba City Unified School District #15 (4197),,TUBA CITY UNIFIED SCHOOL DISTRICT BOARD MEMBER,"TSINIGINE, LEE",,3652.0,,,,,,,,,,,,,,,,,,,,,,,
2014.0,2014-11-04,general,Coconino,TUBA CITY USD #15,4197.0,0408680.0,Tuba City Unified School District #15 (4197),,TUBA CITY UNIFIED SCHOOL DISTRICT BOARD MEMBER,"WORKER, MARY",,3852.0,,,,,,,,,,,,,,,,,,,,,,,
2024.0,2024-11-05,general,Coconino,FLAGSTAFF USD #1,4192.0,0402860.0,Flagstaff Unified District (4192),,GOVERNING BOARD MEMBER FLAGSTAFF UNIFIED SCHOOL DISTRICT #1,"KIDD, CAROLYN ANITA ",,17111.0,15043.0,1971.0,97.0,,,,,,,,,,,,,,,,,,,,
2024.0,2024-11-05,general,Coconino,FLAGSTAFF USD #1,4192.0,0402860.0,Flagstaff Unified District (4192),,GOVERNING BOARD MEMBER FLAGSTAFF UNIFIED SCHOOL DISTRICT #1,"KIRK, MELISSA ",,14810.0,12295.0,2373.0,142.0,,,,,,,,,,,,,,,,,,,,
2024.0,2024-11-05,general,Coconino,FLAGSTAFF USD #1,4192.0,0402860.0,Flagstaff Unified District (4192),,GOVERNING BOARD MEMBER FLAGSTAFF UNIFIED SCHOOL DISTRICT #1,"KOZAK, KATHRYN ""KATE"" ",,13610.0,11634.0,1882.0,94.0,,,,,,,,,,,,,,,,,,,,
2024.0,2024-11-05,general,Coconino,FLAGSTAFF USD #1,4192.0,0402860.0,Flagstaff Unified District (4192),,GOVERNING BOARD MEMBER FLAGSTAFF UNIFIED SCHOOL DISTRICT #1,Not Assigned,,515.0,419.0,96.0,,,,,,,,,,,,,,,,,,,,,
2024.0,2024-11-05,general,Coconino,FLAGSTAFF USD #1,4192.0,0402860.0,Flagstaff Unified District (4192),,GOVERNING BOARD MEMBER FLAGSTAFF UNIFIED SCHOOL DISTRICT #1,"PALMER, DARRIS ",,5504.0,4040.0,1396.0,68.0,,,,,,,,,,,,,,,,,,,,
2024.0,2024-11-05,general,Coconino,FLAGSTAFF USD #1,4192.0,0402860.0,Flagstaff Unified District (4192),,GOVERNING BOARD MEMBER FLAGSTAFF UNIFIED SCHOOL DISTRICT #1,"PARKS, JIM ",,13833.0,10703.0,3011.0,119.0,,,,,,,,,,,,,,,,,,,,
2024.0,2024-11-05,general,Coconino,FLAGSTAFF USD #1,4192.0,0402860.0,Flagstaff Unified District (4192),,GOVERNING BOARD MEMBER FLAGSTAFF UNIFIED SCHOOL DISTRICT #1,"WALMER, SCOTT ",,8711.0,6990.0,1662.0,59.0,,,,,,,,,,,,,,,,,,,,
2024.0,2024-11-05,general,Coconino,FLAGSTAFF USD #1,4192.0,0402860.0,Flagstaff Unified District (4192),,GOVERNING BOARD MEMBER FLAGSTAFF UNIFIED SCHOOL DISTRICT #1,"ZESIGER, KORTNEY ",,16044.0,14236.0,1725.0,83.0,,,,,,,,,,,,,,,,,,,,
2024.0,2024-11-05,general,Coconino,PAGE USD #8,4196.0,0405820.0,Page Unified School District #8  (4196),,GOVERNING BOARD MEMBER PAGE UNIFIED SCHOOL DISTRICT #8,"BENALLY, CHRIS ",,2215.0,1275.0,919.0,21.0,,,,,,,,,,,,,,,,,,,,
2024.0,2024-11-05,general,Coconino,PAGE USD #8,4196.0,0405820.0,Page Unified School District #8  (4196),,GOVERNING BOARD MEMBER PAGE UNIFIED SCHOOL DISTRICT #8,"FOWLER, DESIREE ",,2810.0,1559.0,1219.0,32.0,,,,,,,,,,,,,,,,,,,,
2024.0,2024-11-05,general,Coconino,PAGE USD #8,4196.0,0405820.0,Page Unified School District #8  (4196),,GOVERNING BOARD MEMBER PAGE UNIFIED SCHOOL DISTRICT #8,"KIDMAN, SANDRA K. ",,2167.0,1339.0,810.0,18.0,,,,,,,,,,,,,,,,,,,,
2024.0,2024-11-05,general,Coconino,PAGE USD #8,4196.0,0405820.0,Page Unified School District #8  (4196),,GOVERNING BOARD MEMBER PAGE UNIFIED SCHOOL DISTRICT #8,Not Assigned,,41.0,28.0,13.0,,,,,,,,,,,,,,,,,,,,,
2024.0,2024-11-05,general,Coconino,PAGE USD #8,4196.0,0405820.0,Page Unified School District #8  (4196),,GOVERNING BOARD MEMBER PAGE UNIFIED SCHOOL DISTRICT #8,"TSOSIE, RENEE ",,2515.0,1377.0,1119.0,19.0,,,,,,,,,,,,,,,,,,,,
2024.0,2024-11-05,general,Coconino,PAGE USD #8,4196.0,0405820.0,Page Unified School District #8  (4196),,GOVERNING BOARD MEMBER PAGE UNIFIED SCHOOL DISTRICT #8,"WEISS, CHARLES ",,1536.0,926.0,597.0,13.0,,,,,,,,,,,,,,,,,,,,
2014.0,2014-11-04,general,Gila,Board Member Globe Unified,4208.0,0403500.0,Globe Unified District (4208),,GLOBE UNIFIED SCHOOL DIST. 1 (ELECT 2),"DALMOLIN, FRANKIE",,4038.0,,,,,,,,,,,,,,,,,,,,,,,
2014.0,2014-11-04,general,Gila,Board Member Globe Unified,4208.0,0403500.0,Globe Unified District (4208),,GLOBE UNIFIED SCHOOL DIST. 1 (ELECT 2),"HOWARD, ROBERT",,1860.0,,,,,,,,,,,,,,,,,,,,,,,
2014.0,2014-11-04,general,Gila,Board Member Globe Unified,4208.0,0403500.0,Globe Unified District (4208),,GLOBE UNIFIED SCHOOL DIST. 1 (ELECT 2),"HUNTER-PATTEN, ROBER",,2480.0,,,,,,,,,,,,,,,,,,,,,,,
2014.0,2014-11-04,general,Gila,Board Member Payson Unified,4209.0,0406070.0,Payson Unified District (4209),,PAYSON UNIFIED SCHOOL DIST. 10 (ELECT 2),"DESCHAAF, SHEILA",,7100.0,,,,,,,,,,,,,,,,,,,,,,,
2014.0,2014-11-04,general,Gila,Board Member Payson Unified,4209.0,0406070.0,Payson Unified District (4209),,PAYSON UNIFIED SCHOOL DIST. 10 (ELECT 2),"PROCK, ANGIE",,7852.0,,,,,,,,,,,,,,,,,,,,,,,
2014.0,2014-11-04,general,Gila,Board Member Payson Unified,4209.0,0406070.0,Payson Unified District (4209),,PAYSON UNIFIED SCHOOL DIST. 10 (ELECT 2),"YOUNKER, DARLENE",,6872.0,,,,,,,,,,,,,,,,,,,,,,,
2014.0,2014-11-04,general,Gila,Bd Member San Carlos School Dist. 20,4210.0,0406960.0,San Carlos Unified District (4210),,SAN CARLOS UNIFIED SCHOOL DIST. 20 (ELECT 3),"CASSA, BOB",,64.0,,,,,,,,,,,,,,,,,,,,,,,
2014.0,2014-11-04,general,Gila,Bd Member San Carlos School Dist. 20,4210.0,0406960.0,San Carlos Unified District (4210),,SAN CARLOS UNIFIED SCHOOL DIST. 20 (ELECT 3),"FERREIRA, FREDERICK,",,478.0,,,,,,,,,,,,,,,,,,,,,,,
2014.0,2014-11-04,general,Gila,Bd Member San Carlos School Dist. 20,4210.0,0406960.0,San Carlos Unified District (4210),,SAN CARLOS UNIFIED SCHOOL DIST. 20 (ELECT 3),"KITCHEYAN, TARA",,442.0,,,,,,,,,,,,,,,,,,,,,,,
2014.0,2014-11-04,general,Gila,Bd Member San Carlos School Dist. 20,4210.0,0406960.0,San Carlos Unified District (4210),,SAN CARLOS UNIFIED SCHOOL DIST. 20 (ELECT 3),"NEWMAN-JACKSON, KRIS",,332.0,,,,,,,,,,,,,,,,,,,,,,,
2014.0,2014-11-04,general,Gila,Bd Member San Carlos School Dist. 20,4210.0,0406960.0,San Carlos Unified District (4210),,SAN CARLOS UNIFIED SCHOOL DIST. 20 (ELECT 3),"REEDE, DAVID",,644.0,,,,,,,,,,,,,,,,,,,,,,,
2014.0,2014-11-04,general,Gila,Bd Member San Carlos School Dist. 20,4210.0,0406960.0,San Carlos Unified District (4210),,SAN CARLOS UNIFIED SCHOOL DIST. 20 (ELECT 3),"TALKALAI, KATRINA",,478.0,,,,,,,,,,,,,,,,,,,,,,,
2014.0,2014-11-04,general,Gila,Board Member Young Public School District #5,4213.0,0409540.0,Young Elementary District (4213),,YOUNG ELEMENTARY SCHOOL DIST. 5 (ELECT 2),"CONNER, CYNTHIA",,262.0,,,,,,,,,,,,,,,,,,,,,,,
2014.0,2014-11-04,general,Gila,Board Member Young Public School District #5,4213.0,0409540.0,Young Elementary District (4213),,YOUNG ELEMENTARY SCHOOL DIST. 5 (ELECT 2),"FORTUNY, JILL",,202.0,,,,,,,,,,,,,,,,,,,,,,,
2014.0,2014-11-04,general,Gila,Board Member Young Public School District #5,4213.0,0409540.0,Young Elementary District (4213),,YOUNG ELEMENTARY SCHOOL DIST. 5 (ELECT 2),"MCKINNEY, MIKE",,392.0,,,,,,,,,,,,,,,,,,,,,,,
2014.0,2014-11-04,general,Gila,Board Member Young Public School District #5,4213.0,0409540.0,Young Elementary District (4213),,YOUNG ELEMENTARY SCHOOL DIST. 5 (ELECT 2),"SAWYER, GREG",,208.0,,,,,,,,,,,,,,,,,,,,,,,
2018.0,2018-11-06,general,Graham,Board Member Thatcher USD 4,4219.0,0408410.0,Thatcher Unified District (4219),,Brd Member 2 Yr Thatcher USD,"MCCLUSKEY, KATE",NON,1432.0,1009.0,408.0,15.0,,,,,,,,,,,,,,,,,,,,
2018.0,2018-11-06,general,Graham,Board Member Thatcher USD 4,4219.0,0408410.0,Thatcher Unified District (4219),,Brd Member 2 Yr Thatcher USD,"SMITH, JESSICA",NON,1059.0,722.0,321.0,16.0,,,,,,,,,,,,,,,,,,,,
2018.0,2018-11-06,general,Graham,Board Member Thatcher USD 4,4219.0,0408410.0,Thatcher Unified District (4219),,Brd Member Thatcher USD,"BRYCE, JENNI",NON,1441.0,1028.0,400.0,13.0,,,,,,,,,,,,,,,,,,,,
2018.0,2018-11-06,general,Graham,Board Member Thatcher USD 4,4219.0,0408410.0,Thatcher Unified District (4219),,Brd Member Thatcher USD,"SMITH, KENNY",NON,1312.0,908.0,386.0,18.0,,,,,,,,,,,,,,,,,,,,
2018.0,2018-11-06,general,Graham,Board Member Thatcher USD 4,4219.0,0408410.0,Thatcher Unified District (4219),,Brd Member Thatcher USD,"SORENSEN, D. GARY",NON,1581.0,1132.0,433.0,16.0,,,,,,,,,,,,,,,,,,,,
2018.0,2018-11-06,general,Graham,Board Member Ft. Thomas USD 7,4221.0,0403200.0,Fort Thomas Unified District (4221),,Brd Member Ft. Thomas USD,"HINTON, BETH",NON,271.0,67.0,203.0,1.0,,,,,,,,,,,,,,,,,,,,
2018.0,2018-11-06,general,Graham,Board Member Ft. Thomas USD 7,4221.0,0403200.0,Fort Thomas Unified District (4221),,Brd Member Ft. Thomas USD,"OLIVAR, LEILANI",NON,295.0,49.0,244.0,2.0,,,,,,,,,,,,,,,,,,,,
2018.0,2018-11-06,general,Graham,Board Member Ft. Thomas USD 7,4221.0,0403200.0,Fort Thomas Unified District (4221),,Brd Member Ft. Thomas USD,"PEARSON, CINDY NORTON",NON,296.0,124.0,170.0,2.0,,,,,,,,,,,,,,,,,,,,
2018.0,2018-11-06,general,Graham,Board Member Ft. Thomas USD 7,4221.0,0403200.0,Fort Thomas Unified District (4221),,Brd Member Ft. Thomas USD,"TALGO SR, ELLIOTT",NON,359.0,79.0,277.0,3.0,,,,,,,,,,,,,,,,,,,,
2024.0,2024-11-05,general,Maricopa,CARTWRIGHT ESD #83,4282.0,0401680.0,Cartwright Elementary District (4282),,Governing Board Member-2yr - Cartwright ESD #83,Jennifer ROMERO,,8935.0,7140.0,1763.0,4.0,,,,,,,,,,,,,,,,,,,,
2024.0,2024-11-05,general,Maricopa,CARTWRIGHT ESD #83,4282.0,0401680.0,Cartwright Elementary District (4282),,Governing Board Member-2yr - Cartwright ESD #83,Teresa TAPIA,,7217.0,5809.0,1379.0,4.0,,,,,,,,,,,,,,,,,,,,
2024.0,2024-11-05,general,Maricopa,CARTWRIGHT ESD #83,4282.0,0401680.0,Cartwright Elementary District (4282),,Governing Board Member-4yr - Cartwright ESD #83,Anna Lynn ABEYTIA,,6809.0,5836.0,948.0,3.0,,,,,,,,,,,,,,,,,,,,
2024.0,2024-11-05,general,Maricopa,CARTWRIGHT ESD #83,4282.0,0401680.0,Cartwright Elementary District (4282),,Governing Board Member-4yr - Cartwright ESD #83,Cassandra HERNANDEZ,,9453.0,7645.0,1774.0,1.0,,,,,,,,,,,,,,,,,,,,
2024.0,2024-11-05,general,Maricopa,CARTWRIGHT ESD #83,4282.0,0401680.0,Cartwright Elementary District (4282),,Governing Board Member-4yr - Cartwright ESD #83,Denice M. GARCIA,,8296.0,7017.0,1253.0,3.0,,,,,,,,,,,,,,,,,,,,
2024.0,2024-11-05,general,Maricopa,CARTWRIGHT ESD #83,4282.0,0401680.0,Cartwright Elementary District (4282),,Governing Board Member-4yr - Cartwright ESD #83,Pedro CAUDILLO PAREDES,,7316.0,6057.0,1231.0,4.0,,,,,,,,,,,,,,,,,,,,
2024.0,2024-11-05,general,Maricopa,CARTWRIGHT ESD #83,4282.0,0401680.0,Cartwright Elementary District (4282),,Governing Board Member-4yr - Cartwright ESD #83,Rosa CANTU,,7431.0,6134.0,1277.0,5.0,,,,,,,,,,,,,,,,,,,,
2024.0,2024-11-05,general,Maricopa,GILA BEND USD #24,4238.0,0403310.0,Gila Bend Unified District (4238),,Governing Board Member-2yr - Gila Bend USD #24,Gerald Manuel LOPEZ,,247.0,143.0,100.0,,,,,,,,,,,,,,,,,,,,,
2024.0,2024-11-05,general,Maricopa,GILA BEND USD #24,4238.0,0403310.0,Gila Bend Unified District (4238),,Governing Board Member-2yr - Gila Bend USD #24,Joanne CARPENTER,,321.0,188.0,124.0,,,,,,,,,,,,,,,,,,,,,
2024.0,2024-11-05,general,Maricopa,GILA BEND USD #24,4238.0,0403310.0,Gila Bend Unified District (4238),,Governing Board Member-2yr - Gila Bend USD #24,Kimberly TURNER,,220.0,137.0,78.0,,,,,,,,,,,,,,,,,,,,,
2024.0,2024-11-05,general,Maricopa,LIBERTY ESD #25,4266.0,0404320.0,Liberty Elementary District (4266),,Governing Board Member-2yr - Liberty ESD #25,Michael TODD,,6773.0,5738.0,1020.0,,,,,,,,,,,,,,,,,,,,,
2024.0,2024-11-05,general,Maricopa,LIBERTY ESD #25,4266.0,0404320.0,Liberty Elementary District (4266),,Governing Board Member-2yr - Liberty ESD #25,Sarah A SCHMIDT,,8907.0,7831.0,1064.0,,,,,,,,,,,,,,,,,,,,,
2024.0,2024-11-05,general,Maricopa,LIBERTY ESD #25,4266.0,0404320.0,Liberty Elementary District (4266),,Governing Board Member-4yr - Liberty ESD #25,Brian E CIRRINCIONE,,7117.0,6244.0,863.0,,,,,,,,,,,,,,,,,,,,,
2024.0,2024-11-05,general,Maricopa,LIBERTY ESD #25,4266.0,0404320.0,Liberty Elementary District (4266),,Governing Board Member-4yr - Liberty ESD #25,Doni BOND,,6443.0,5615.0,820.0,,,,,,,,,,,,,,,,,,,,,
2024.0,2024-11-05,general,Maricopa,LIBERTY ESD #25,4266.0,0404320.0,Liberty Elementary District (4266),,Governing Board Member-4yr - Liberty ESD #25,Kellie ZIMMERMAN,,10877.0,9584.0,1275.0,,,,,,,,,,,,,,,,,,,,,
2024.0,2024-11-05,general,Maricopa,LIBERTY ESD #25,4266.0,0404320.0,Liberty Elementary District (4266),,Governing Board Member-4yr - Liberty ESD #25,Kristopher T. KENYON,,7172.0,6296.0,866.0,,,,,,,,,,,,,,,,,,,,,
2024.0,2024-11-05,general,Maricopa,LIBERTY ESD #25,4266.0,0404320.0,Liberty Elementary District (4266),,Governing Board Member-4yr - Liberty ESD #25,Paul G. BIXLER,,5984.0,5331.0,640.0,,,,,,,,,,,,,,,,,,,,,
2024.0,2024-11-05,general,Maricopa,AGUA FRIA UNION #216,4289.0,0400450.0,Agua Fria Union High School District (4289),,Governing Board Member-4yr - Agua Fria UHSD #216,Carmen Xuan OROZCO,,29355.0,26021.0,3289.0,6.0,,,,,,,,,,,,,,,,,,,,
2024.0,2024-11-05,general,Maricopa,AGUA FRIA UNION #216,4289.0,0400450.0,Agua Fria Union High School District (4289),,Governing Board Member-4yr - Agua Fria UHSD #216,Cory Hopkins NAYLOR,,35132.0,31617.0,3467.0,7.0,,,,,,,,,,,,,,,,,,,,
2024.0,2024-11-05,general,Maricopa,AGUA FRIA UNION #216,4289.0,0400450.0,Agua Fria Union High School District (4289),,Governing Board Member-4yr - Agua Fria UHSD #216,Kristen ACTON,,39742.0,35705.0,3989.0,7.0,,,,,,,,,,,,,,,,,,,,
2024.0,2024-11-05,general,Maricopa,AGUA FRIA UNION #216,4289.0,0400450.0,Agua Fria Union High School District (4289),,Governing Board Member-4yr - Agua Fria UHSD #216,Sarah LEWIS-SILK,,37400.0,33514.0,3840.0,3.0,,,,,,,,,,,,,,,,,,,,
2024.0,2024-11-05,general,Maricopa,Avondale ESD #44,4272.0,0400960.0,Avondale Elementary District (4272),,Governing Board Member-4yr - Avondale ESD #44,Derek A. ETHERIDGE,,7381.0,6539.0,827.0,5.0,,,,,,,,,,,,,,,,,,,,
2024.0,2024-11-05,general,Maricopa,Avondale ESD #44,4272.0,0400960.0,Avondale Elementary District (4272),,Governing Board Member-4yr - Avondale ESD #44,Heather RAITHEL,,8702.0,7640.0,1048.0,2.0,,,,,,,,,,,,,,,,,,,,
2024.0,2024-11-05,general,Maricopa,Avondale ESD #44,4272.0,0400960.0,Avondale Elementary District (4272),,Governing Board Member-4yr - Avondale ESD #44,Leticia CASTRO,,9786.0,8435.0,1325.0,9.0,,,,,,,,,,,,,,,,,,,,
2024.0,2024-11-05,general,Maricopa,Avondale ESD #44,4272.0,0400960.0,Avondale Elementary District (4272),,Governing Board Member-4yr - Avondale ESD #44,Mark GONZALES,,8921.0,7666.0,1238.0,5.0,,,,,,,,,,,,,,,,,,,,
2024.0,2024-11-05,general,Maricopa,BALSZ ESD #31,4268.0,0401050.0,Balsz Elementary District (4268),,Governing Board Member-4yr - Balsz ESD #31,Gail Quincine KNIGHT,,4001.0,3535.0,462.0,,,,,,,,,,,,,,,,,,,,,
2024.0,2024-11-05,general,Maricopa,BALSZ ESD #31,4268.0,0401050.0,Balsz Elementary District (4268),,Governing Board Member-4yr - Balsz ESD #31,Jacob Michael GEORGE,,3992.0,3499.0,485.0,,,,,,,,,,,,,,,,,,,,,
2024.0,2024-11-05,general,Maricopa,BALSZ ESD #31,4268.0,0401050.0,Balsz Elementary District (4268),,Governing Board Member-4yr - Balsz ESD #31,Lezley SHEPHERD,,3494.0,2835.0,645.0,,,,,,,,,,,,,,,,,,,,,
2024.0,2024-11-05,general,Maricopa,BALSZ ESD #31,4268.0,0401050.0,Balsz Elementary District (4268),,Governing Board Member-4yr - Balsz ESD #31,Vic GRACE,,3863.0,3378.0,478.0,,,,,,,,,,,,,,,,,,,,,
2024.0,2024-11-05,general,Maricopa,BUCKEYE UNION #201,4284.0,0401410.0,Buckeye Union High School District (4284),,Governing Board Member-4yr - Buckeye UHSD #201,Brian TURNER,,21161.0,18329.0,2791.0,,,,,,,,,,,,,,,,,,,,,
2024.0,2024-11-05,general,Maricopa,BUCKEYE UNION #201,4284.0,0401410.0,Buckeye Union High School District (4284),,Governing Board Member-4yr - Buckeye UHSD #201,David A. SOUSA,,22386.0,19469.0,2876.0,,,,,,,,,,,,,,,,,,,,,
2024.0,2024-11-05,general,Maricopa,BUCKEYE UNION #201,4284.0,0401410.0,Buckeye Union High School District (4284),,Governing Board Member-4yr - Buckeye UHSD #201,M Brandon SHELTON,,20901.0,18179.0,2687.0,,,,,,,,,,,,,,,,,,,,,
2024.0,2024-11-05,general,Maricopa,CAVE CREEK USD #93,4244.0,0400001.0,Cave Creek Unified District (4244),,Governing Board Member-4yr - Cave Creek USD #93,Brianna L WALKER,,14366.0,13840.0,444.0,,,,,,,,,,,,,,,,,,,,,
2024.0,2024-11-05,general,Maricopa,CAVE CREEK USD #93,4244.0,0400001.0,Cave Creek Unified District (4244),,Governing Board Member-4yr - Cave Creek USD #93,Carrie M MCCLULLOCH,,12431.0,11681.0,738.0,,,,,,,,,,,,,,,,,,,,,
2024.0,2024-11-05,general,Maricopa,CAVE CREEK USD #93,4244.0,0400001.0,Cave Creek Unified District (4244),,Governing Board Member-4yr - Cave Creek USD #93,Cody REIM,,12662.0,11797.0,849.0,,,,,,,,,,,,,,,,,,,,,
2024.0,2024-11-05,general,Maricopa,CAVE CREEK USD #93,4244.0,0400001.0,Cave Creek Unified District (4244),,Governing Board Member-4yr - Cave Creek USD #93,Dan MOORE,,14698.0,13796.0,888.0,,,,,,,,,,,,,,,,,,,,,
2024.0,2024-11-05,general,Maricopa,CAVE CREEK USD #93,4244.0,0400001.0,Cave Creek Unified District (4244),,Governing Board Member-4yr - Cave Creek USD #93,Jeff FORTINEY,,15589.0,14925.0,656.0,,,,,,,,,,,,,,,,,,,,,
2024.0,2024-11-05,general,Maricopa,CAVE CREEK USD #93,4244.0,0400001.0,Cave Creek Unified District (4244),,Governing Board Member-4yr - Cave Creek USD #93,Sheri LOPEZ,,12774.0,11906.0,849.0,,,,,,,,,,,,,,,,,,,,,
2024.0,2024-11-05,general,Maricopa,CAVE CREEK USD #93,4244.0,0400001.0,Cave Creek Unified District (4244),,Governing Board Member-4yr - Cave Creek USD #93,Stacey GOODMAN,,10999.0,10187.0,803.0,,,,,,,,,,,,,,,,,,,,,
2024.0,2024-11-05,general,Maricopa,Chandler USD #80,4242.0,0401870.0,Chandler Unified District #80 (4242),,Governing Board Member-4yr - Chandler USD #80,Barb MOZDZEN,,50137.0,46481.0,3633.0,,,,,,,,,,,,,,,,,,,,,
2024.0,2024-11-05,general,Maricopa,Chandler USD #80,4242.0,0401870.0,Chandler Unified District #80 (4242),,Governing Board Member-4yr - Chandler USD #80,Claudia MENDOZA,,58544.0,53192.0,5306.0,,,,,,,,,,,,,,,,,,,,,
2024.0,2024-11-05,general,Maricopa,Chandler USD #80,4242.0,0401870.0,Chandler Unified District #80 (4242),,Governing Board Member-4yr - Chandler USD #80,Eloyce GILLESPIE,,42160.0,37418.0,4702.0,,,,,,,,,,,,,,,,,,,,,
2024.0,2024-11-05,general,Maricopa,Chandler USD #80,4242.0,0401870.0,Chandler Unified District #80 (4242),,Governing Board Member-4yr - Chandler USD #80,Leanna DEKING,,47026.0,41785.0,5196.0,,,,,,,,,,,,,,,,,,,,,
2024.0,2024-11-05,general,Maricopa,Chandler USD #80,4242.0,0401870.0,Chandler Unified District #80 (4242),,Governing Board Member-4yr - Chandler USD #80,Ryan J HEAP,,57178.0,50437.0,6694.0,,,,,,,,,,,,,,,,,,,,,
2024.0,2024-11-05,general,Maricopa,Chandler USD #80,4242.0,0401870.0,Chandler Unified District #80 (4242),,Governing Board Member-4yr - Chandler USD #80,Zeyna PRUZHANOVSKY,,46200.0,42712.0,3467.0,,,,,,,,,,,,,,,,,,,,,
2024.0,2024-11-05,general,Maricopa,CREIGHTON ESD #14,4263.0,0402430.0,Creighton Elementary District (4263),,Governing Board Member-4yr - Creighton ESD #14,Carla URQUIDI,,6537.0,5796.0,727.0,,,,,,,,,,,,,,,,,,,,,
2024.0,2024-11-05,general,Maricopa,CREIGHTON ESD #14,4263.0,0402430.0,Creighton Elementary District (4263),,Governing Board Member-4yr - Creighton ESD #14,Heather L AYERES,,7941.0,7169.0,756.0,,,,,,,,,,,,,,,,,,,,,
2024.0,2024-11-05,general,Maricopa,CREIGHTON ESD #14,4263.0,0402430.0,Creighton Elementary District (4263),,Governing Board Member-4yr - Creighton ESD #14,"Nicole E, MARQUEZ",,9877.0,8755.0,1096.0,,,,,,,,,,,,,,,,,,,,,
2024.0,2024-11-05,general,Maricopa,CREIGHTON ESD #14,4263.0,0402430.0,Creighton Elementary District (4263),,Governing Board Member-4yr - Creighton ESD #14,Tristan H. JONES,,6770.0,6065.0,689.0,,,,,,,,,,,,,,,,,,,,,
2024.0,2024-11-05,general,Maricopa,DEER VALLEY USD #97,4246.0,0407750.0,Deer Valley Unified District (4246),,Governing Board Member-4yr - Deer Valley USD #97,Ann ORDWAY,,30937.0,28601.0,2318.0,,,,,,,,,,,,,,,,,,,,,
2024.0,2024-11-05,general,Maricopa,DEER VALLEY USD #97,4246.0,0407750.0,Deer Valley Unified District (4246),,Governing Board Member-4yr - Deer Valley USD #97,Julie STOCKWELL,,39211.0,36168.0,3008.0,,,,,,,,,,,,,,,,,,,,,
2024.0,2024-11-05,general,Maricopa,DEER VALLEY USD #97,4246.0,0407750.0,Deer Valley Unified District (4246),,Governing Board Member-4yr - Deer Valley USD #97,Karen PACK,,42963.0,38821.0,4098.0,,,,,,,,,,,,,,,,,,,,,
2024.0,2024-11-05,general,Maricopa,DEER VALLEY USD #97,4246.0,0407750.0,Deer Valley Unified District (4246),,Governing Board Member-4yr - Deer Valley USD #97,Kim FISHER,,45329.0,40227.0,5054.0,,,,,,,,,,,,,,,,,,,,,
2024.0,2024-11-05,general,Maricopa,DEER VALLEY USD #97,4246.0,0407750.0,Deer Valley Unified District (4246),,Governing Board Member-4yr - Deer Valley USD #97,Melody HOLEHAN-KOPAS,,19956.0,18004.0,1932.0,,,,,,,,,,,,,,,,,,,,,
2024.0,2024-11-05,general,Maricopa,DEER VALLEY USD #97,4246.0,0407750.0,Deer Valley Unified District (4246),,Governing Board Member-4yr - Deer Valley USD #97,Steve BOTTFELD,,40030.0,36816.0,3184.0,,,,,,,,,,,,,,,,,,,,,
2024.0,2024-11-05,general,Maricopa,DEER VALLEY USD #97,4246.0,0407750.0,Deer Valley Unified District (4246),,Governing Board Member-4yr - Deer Valley USD #97,Terri L ROBERTS,,17328.0,14799.0,1539.0,,,,,,,,,,,,,,,,,,,,,
2024.0,2024-11-05,general,Maricopa,DEER VALLEY USD #97,4246.0,0407750.0,Deer Valley Unified District (4246),,Governing Board Member-4yr - Deer Valley USD #97,Tiffany HAWKINS,,39498.0,34916.0,4539.0,,,,,,,,,,,,,,,,,,,,,
2024.0,2024-11-05,general,Maricopa,Dysart USD #89,4243.0,0402690.0,Dysart Unified District (4243),,Governing Board Member-4yr - Dysart USD #89,Denise E DESTICHE,,42740.0,38640.0,4049.0,,,,,,,,,,,,,,,,,,,,,
2024.0,2024-11-05,general,Maricopa,Dysart USD #89,4243.0,0402690.0,Dysart Unified District (4243),,Governing Board Member-4yr - Dysart USD #89,Jo GRANT,,39858.0,35933.0,3873.0,,,,,,,,,,,,,,,,,,,,,
2024.0,2024-11-05,general,Maricopa,Dysart USD #89,4243.0,0402690.0,Dysart Unified District (4243),,Governing Board Member-4yr - Dysart USD #89,Mary Jane ZIOLA,,47433.0,42381.0,4999.0,,,,,,,,,,,,,,,,,,,,,
2024.0,2024-11-05,general,Maricopa,Dysart USD #89,4243.0,0402690.0,Dysart Unified District (4243),,Governing Board Member-4yr - Dysart USD #89,Stephen SKVARA,,40452.0,36529.0,3890.0,,,,,,,,,,,,,,,,,,,,,
2024.0,2024-11-05,general,Maricopa,Fountain Hills USD #98,4247.0,0403040.0,Fountain Hills Unified District (4247),,Governing Board Member-4yr - Fountain Hills USD #98,Ann EVANS,,7212.0,6816.0,394.0,,,,,,,,,,,,,,,,,,,,,
2024.0,2024-11-05,general,Maricopa,Fountain Hills USD #98,4247.0,0403040.0,Fountain Hills Unified District (4247),,Governing Board Member-4yr - Fountain Hills USD #98,Kim DUCKWORTH,,7793.0,7290.0,502.0,,,,,,,,,,,,,,,,,,,,,
2024.0,2024-11-05,general,Maricopa,Fountain Hills USD #98,4247.0,0403040.0,Fountain Hills Unified District (4247),,Governing Board Member-4yr - Fountain Hills USD #98,Richard RUTKOWSKI,,7667.0,7150.0,515.0,,,,,,,,,,,,,,,,,,,,,
2024.0,2024-11-05,general,Maricopa,Fowler ESD #45,4273.0,0403060.0,Fowler Elementary District (4273),,Governing Board Member-4yr - Fowler ESD #45,Jose MONTOYA III,,3979.0,3285.0,683.0,4.0,,,,,,,,,,,,,,,,,,,,
2024.0,2024-11-05,general,Maricopa,Fowler ESD #45,4273.0,0403060.0,Fowler Elementary District (4273),,Governing Board Member-4yr - Fowler ESD #45,Peggy Lyn EASTBURN,,2210.0,1738.0,466.0,2.0,,,,,,,,,,,,,,,,,,,,
2024.0,2024-11-05,general,Maricopa,Gilbert USD #41,4239.0,0403400.0,Gilbert Unified District (4239),,Governing Board Member-4yr - Gilbert USD #41,Ann STEVENS,,31715.0,27936.0,3750.0,,,,,,,,,,,,,,,,,,,,,
2024.0,2024-11-05,general,Maricopa,Gilbert USD #41,4239.0,0403400.0,Gilbert Unified District (4239),,Governing Board Member-4yr - Gilbert USD #41,Blake Benjamin ROBINSON,,45794.0,40755.0,5001.0,,,,,,,,,,,,,,,,,,,,,
2024.0,2024-11-05,general,Maricopa,Gilbert USD #41,4239.0,0403400.0,Gilbert Unified District (4239),,Governing Board Member-4yr - Gilbert USD #41,Jesse James BRAINARD,,36309.0,33027.0,3263.0,,,,,,,,,,,,,,,,,,,,,
2024.0,2024-11-05,general,Maricopa,Gilbert USD #41,4239.0,0403400.0,Gilbert Unified District (4239),,Governing Board Member-4yr - Gilbert USD #41,Ronda PAGE,,13812.0,11904.0,1890.0,,,,,,,,,,,,,,,,,,,,,
2024.0,2024-11-05,general,Maricopa,Gilbert USD #41,4239.0,0403400.0,Gilbert Unified District (4239),,Governing Board Member-4yr - Gilbert USD #41,Rose M PARKER,,29782.0,27034.0,2729.0,,,,,,,,,,,,,,,,,,,,,
2024.0,2024-11-05,general,Maricopa,Gilbert USD #41,4239.0,0403400.0,Gilbert Unified District (4239),,Governing Board Member-4yr - Gilbert USD #41,Shana MURRAY,,36226.0,32567.0,3632.0,,,,,,,,,,,,,,,,,,,,,
2024.0,2024-11-05,general,Maricopa,Gilbert USD #41,4239.0,0403400.0,Gilbert Unified District (4239),,Governing Board Member-4yr - Gilbert USD #41,Shelia ROGERS-UGGETTI,,11917.0,10308.0,1592.0,,,,,,,,,,,,,,,,,,,,,
2024.0,2024-11-05,general,Maricopa,Glendale ESD #40,4271.0,0403420.0,Glendale Elementary District (4271),,Governing Board Member-4yr - Glendale ESD #40,Junio OCAMPO,,8944.0,7735.0,1193.0,4.0,,,,,,,,,,,,,,,,,,,,
2024.0,2024-11-05,general,Maricopa,Glendale ESD #40,4271.0,0403420.0,Glendale Elementary District (4271),,Governing Board Member-4yr - Glendale ESD #40,MarY Ann WILSON,,11504.0,9942.0,1541.0,4.0,,,,,,,,,,,,,,,,,,,,
2024.0,2024-11-05,general,Maricopa,Glendale ESD #40,4271.0,0403420.0,Glendale Elementary District (4271),,Governing Board Member-4yr - Glendale ESD #40,Mike MARTINEZ,,12144.0,10363.0,1757.0,4.0,,,,,,,,,,,,,,,,,,,,
2024.0,2024-11-05,general,Maricopa,Glendale ESD #40,4271.0,0403420.0,Glendale Elementary District (4271),,Governing Board Member-4yr - Glendale ESD #40,Monica Galardo PIMENTEL,,12847.0,11052.0,1769.0,6.0,,,,,,,,,,,,,,,,,,,,
2024.0,2024-11-05,general,Maricopa,Glendale UHSD #205,4285.0,0403450.0,Glendale Union High School District (4285),,Governing Board Member-4yr - Glendale UHSD #205,Joan COLSON,,42156.0,36458.0,5628.0,13.0,,,,,,,,,,,,,,,,,,,,
2024.0,2024-11-05,general,Maricopa,Glendale UHSD #205,4285.0,0403450.0,Glendale Union High School District (4285),,Governing Board Member-4yr - Glendale UHSD #205,Laura I ARITA,,45963.0,39980.0,5905.0,13.0,,,,,,,,,,,,,,,,,,,,
2024.0,2024-11-05,general,Maricopa,Glendale UHSD #205,4285.0,0403450.0,Glendale Union High School District (4285),,Governing Board Member-4yr - Glendale UHSD #205,Patti Jo HUSSEY,,43037.0,38241.0,4729.0,13.0,,,,,,,,,,,,,,,,,,,,
2024.0,2024-11-05,general,Maricopa,Glendale UHSD #205,4285.0,0403450.0,Glendale Union High School District (4285),,Governing Board Member-4yr - Glendale UHSD #205,Paul ULAN,,45739.0,40403.0,5273.0,6.0,,,,,,,,,,,,,,,,,,,,
2024.0,2024-11-05,general,Maricopa,Higley USD #60,4248.0,0403780.0,Higley Unified School District (4248),,Governing Board Member-4yr - Higley USD #60,D. Taylor FRANCIS,,10751.0,9457.0,1288.0,,,,,,,,,,,,,,,,,,,,,
2024.0,2024-11-05,general,Maricopa,Higley USD #60,4248.0,0403780.0,Higley Unified School District (4248),,Governing Board Member-4yr - Higley USD #60,Kathleen RICHARDS,,15244.0,13769.0,1466.0,,,,,,,,,,,,,,,,,,,,,
2024.0,2024-11-05,general,Maricopa,Higley USD #60,4248.0,0403780.0,Higley Unified School District (4248),,Governing Board Member-4yr - Higley USD #60,Marc GARCIA,,14980.0,13225.0,1747.0,,,,,,,,,,,,,,,,,,,,,
2024.0,2024-11-05,general,Maricopa,Higley USD #60,4248.0,0403780.0,Higley Unified School District (4248),,Governing Board Member-4yr - Higley USD #60,Sarah JARMAN,,15669.0,13854.0,1802.0,,,,,,,,,,,,,,,,,,,,,
2024.0,2024-11-05,general,Maricopa,Higley USD #60,4248.0,0403780.0,Higley Unified School District (4248),,Governing Board Member-4yr - Higley USD #60,Scott GLOVER,,15540.0,14012.0,1517.0,,,,,,,,,,,,,,,,,,,,,
2024.0,2024-11-05,general,Maricopa,Higley USD #60,4248.0,0403780.0,Higley Unified School District (4248),,Governing Board Member-4yr - Higley USD #60,Tiffany SHULTZ,,16307.0,14500.0,1799.0,,,,,,,,,,,,,,,,,,,,,
2024.0,2024-11-05,general,Maricopa,Isaac ESD #5,4259.0,0403960.0,Isaac Elementary District (4259),,Governing Board Member-4yr - Isaac ESD #5,Maria A. HERNANDEZ,,3667.0,2985.0,665.0,,,,,,,,,,,,,,,,,,,,,
2024.0,2024-11-05,general,Maricopa,Isaac ESD #5,4259.0,0403960.0,Isaac Elementary District (4259),,Governing Board Member-4yr - Isaac ESD #5,Maria GUZMAN,,3741.0,3072.0,653.0,,,,,,,,,,,,,,,,,,,,,
2024.0,2024-11-05,general,Maricopa,Isaac ESD #5,4259.0,0403960.0,Isaac Elementary District (4259),,Governing Board Member-4yr - Isaac ESD #5,Rudy R. SANTA CRUZ,,3098.0,2585.0,501.0,,,,,,,,,,,,,,,,,,,,,
2024.0,2024-11-05,general,Maricopa,Isaac ESD #5,4259.0,0403960.0,Isaac Elementary District (4259),,Governing Board Member-4yr - Isaac ESD #5,Savanah M GALAVIZ,,2357.0,1901.0,446.0,,,,,,,,,,,,,,,,,,,,,
2024.0,2024-11-05,general,Maricopa,KYRENE ESD #28,4267.0,0404230.0,Kyrene Elementary District (4267),,Governing Board Member-4yr - Kyrene ESD #28,Amy SATRE,,44520.0,41274.0,3218.0,,,,,,,,,,,,,,,,,,,,,
2024.0,2024-11-05,general,Maricopa,KYRENE ESD #28,4267.0,0404230.0,Kyrene Elementary District (4267),,Governing Board Member-4yr - Kyrene ESD #28,Bunny (Ruth) DAVIS,,41579.0,38472.0,3082.0,,,,,,,,,,,,,,,,,,,,,
2024.0,2024-11-05,general,Maricopa,KYRENE ESD #28,4267.0,0404230.0,Kyrene Elementary District (4267),,Governing Board Member-4yr - Kyrene ESD #28,Cedric COLLINS JR.,,40017.0,37118.0,2867.0,,,,,,,,,,,,,,,,,,,,,
2024.0,2024-11-05,general,Maricopa,KYRENE ESD #28,4267.0,0404230.0,Kyrene Elementary District (4267),,Governing Board Member-4yr - Kyrene ESD #28,Russell ROWLANDS,,28599.0,25362.0,3206.0,,,,,,,,,,,,,,,,,,,,,
2024.0,2024-11-05,general,Maricopa,LAVEEN ESD #59,4276.0,0404290.0,Laveen Elementary District (4276),,Governing Board Member-4yr - Laveen ESD #59,Jenniger M GOETZKE,,10605.0,9212.0,1364.0,,,,,,,,,,,,,,,,,,,,,
2024.0,2024-11-05,general,Maricopa,LAVEEN ESD #59,4276.0,0404290.0,Laveen Elementary District (4276),,Governing Board Member-4yr - Laveen ESD #59,Kayala M PARRA,,10511.0,8886.0,1593.0,,,,,,,,,,,,,,,,,,,,,
2024.0,2024-11-05,general,Maricopa,LAVEEN ESD #59,4276.0,0404290.0,Laveen Elementary District (4276),,Governing Board Member-4yr - Laveen ESD #59,Mekell BELL,,9616.0,8359.0,1228.0,,,,,,,,,,,,,,,,,,,,,
2024.0,2024-11-05,general,Maricopa,LAVEEN ESD #59,4276.0,0404290.0,Laveen Elementary District (4276),,Governing Board Member-4yr - Laveen ESD #59,Robert P OLMSTEAD,,7103.0,6054.0,1025.0,,,,,,,,,,,,,,,,,,,,,
2024.0,2024-11-05,general,Maricopa,MESA USD #4,4235.0,0404970.0,Mesa Unified District (4235),,Governing Board Member-4yr - Mesa USD #4,Chourtney DAVIS,,85856.0,76792.0,8985.0,14.0,,,,,,,,,,,,,,,,,,,,
2024.0,2024-11-05,general,Maricopa,MESA USD #4,4235.0,0404970.0,Mesa Unified District (4235),,Governing Board Member-4yr - Mesa USD #4,Ed STEELE,,73493.0,64075.0,9326.0,11.0,,,,,,,,,,,,,,,,,,,,
2024.0,2024-11-05,general,Maricopa,MESA USD #4,4235.0,0404970.0,Mesa Unified District (4235),,Governing Board Member-4yr - Mesa USD #4,Josh CHILTON,,77779.0,70129.0,7583.0,10.0,,,,,,,,,,,,,,,,,,,,
2024.0,2024-11-05,general,Maricopa,MESA USD #4,4235.0,0404970.0,Mesa Unified District (4235),,Governing Board Member-4yr - Mesa USD #4,Lacy Halm CHAFFEE,,82373.0,74762.0,7535.0,10.0,,,,,,,,,,,,,,,,,,,,
2024.0,2024-11-05,general,Maricopa,MESA USD #4,4235.0,0404970.0,Mesa Unified District (4235),,Governing Board Member-4yr - Mesa USD #4,Sharon BENSON,,86385.0,76759.0,9540.0,13.0,,,,,,,,,,,,,,,,,,,,
2024.0,2024-11-05,general,Maricopa,MORRISTOWN ESD #75,4251.0,0405340.0,Morristown Elementary District (4251),,Governing Board Member-4yr - Morristown ESD #75,Susan L. MARSHALL,,714.0,571.0,143.0,,,,,,,,,,,,,,,,,,,,,
2024.0,2024-11-05,general,Maricopa,PARADISE VALLEY USD #69,4241.0,0405930.0,Paradise Valley Unified District (4241),,Governing Board Member-4yr - Paradise Valley USD #69,Amanda LIM,,50943.0,47465.0,3455.0,,,,,,,,,,,,,,,,,,,,,
2024.0,2024-11-05,general,Maricopa,PARADISE VALLEY USD #69,4241.0,0405930.0,Paradise Valley Unified District (4241),,Governing Board Member-4yr - Paradise Valley USD #69,Anne GREENBERG,,53230.0,49535.0,3661.0,,,,,,,,,,,,,,,,,,,,,
2024.0,2024-11-05,general,Maricopa,PARADISE VALLEY USD #69,4241.0,0405930.0,Paradise Valley Unified District (4241),,Governing Board Member-4yr - Paradise Valley USD #69,Edward (Eddie) JACKSON,,43936.0,38899.0,4987.0,,,,,,,,,,,,,,,,,,,,,
2024.0,2024-11-05,general,Maricopa,PARADISE VALLEY USD #69,4241.0,0405930.0,Paradise Valley Unified District (4241),,Governing Board Member-4yr - Paradise Valley USD #69,Jessica WANI,,49542.0,46274.0,3242.0,,,,,,,,,,,,,,,,,,,,,
2024.0,2024-11-05,general,Maricopa,PARADISE VALLEY USD #69,4241.0,0405930.0,Paradise Valley Unified District (4241),,Governing Board Member-4yr - Paradise Valley USD #69,Nicole KLOOTWYK,,44007.0,39877.0,4080.0,,,,,,,,,,,,,,,,,,,,,
2024.0,2024-11-05,general,Maricopa,PARADISE VALLEY USD #69,4241.0,0405930.0,Paradise Valley Unified District (4241),,Governing Board Member-4yr - Paradise Valley USD #69,Susan H. WINDER,,38842.0,34855.0,3942.0,,,,,,,,,,,,,,,,,,,,,
2024.0,2024-11-05,general,Maricopa,PEORIA USD #11,4237.0,0406250.0,Peoria Unified School District (4237),,Governing Board Member-4yr - Peoria USD #11,Becky PROUDFIT,,51099.0,45434.0,5623.0,,,,,,,,,,,,,,,,,,,,,
2024.0,2024-11-05,general,Maricopa,PEORIA USD #11,4237.0,0406250.0,Peoria Unified School District (4237),,Governing Board Member-4yr - Peoria USD #11,David Matthew SANDOVAL,,43222.0,38966.0,4229.0,,,,,,,,,,,,,,,,,,,,,
2024.0,2024-11-05,general,Maricopa,PEORIA USD #11,4237.0,0406250.0,Peoria Unified School District (4237),,Governing Board Member-4yr - Peoria USD #11,Janelle BOWLES,,48349.0,42742.0,5569.0,,,,,,,,,,,,,,,,,,,,,
2024.0,2024-11-05,general,Maricopa,PEORIA USD #11,4237.0,0406250.0,Peoria Unified School District (4237),,Governing Board Member-4yr - Peoria USD #11,Jeffrey A TOBEY,,47586.0,42226.0,5326.0,,,,,,,,,,,,,,,,,,,,,
2024.0,2024-11-05,general,Maricopa,PEORIA USD #11,4237.0,0406250.0,Peoria Unified School District (4237),,Governing Board Member-4yr - Peoria USD #11,Melissa Leigh GRIMSCHEID,,38126.0,35007.0,3101.0,,,,,,,,,,,,,,,,,,,,,
2024.0,2024-11-05,general,Maricopa,PEORIA USD #11,4237.0,0406250.0,Peoria Unified School District (4237),,Governing Board Member-4yr - Peoria USD #11,Mikah C DYER,,31934.0,29115.0,2801.0,,,,,,,,,,,,,,,,,,,,,
2024.0,2024-11-05,general,Maricopa,Queen Creek ESD #95,4245.0,0406810.0,Queen Creek Unified District (4245),,Governing Board Member-4yr - Queen Creek ESD #95,David M. DEHORITY,,13818.0,12526.0,1281.0,,,,,,,,,,,,,,,,,,,,,
2024.0,2024-11-05,general,Maricopa,Queen Creek ESD #95,4245.0,0406810.0,Queen Creek Unified District (4245),,Governing Board Member-4yr - Queen Creek ESD #95,Heidi LEE,,17095.0,15280.0,1801.0,,,,,,,,,,,,,,,,,,,,,
2024.0,2024-11-05,general,Maricopa,Queen Creek ESD #95,4245.0,0406810.0,Queen Creek Unified District (4245),,Governing Board Member-4yr - Queen Creek ESD #95,Jennifer L REVOLT,,20908.0,18985.0,1911.0,,,,,,,,,,,,,,,,,,,,,
2024.0,2024-11-05,general,Maricopa,Queen Creek ESD #95,4245.0,0406810.0,Queen Creek Unified District (4245),,Governing Board Member-4yr - Queen Creek ESD #95,Matt A. RIFFEY,,18646.0,16733.0,1895.0,,,,,,,,,,,,,,,,,,,,,
2024.0,2024-11-05,general,Maricopa,Queen Creek ESD #95,4245.0,0406810.0,Queen Creek Unified District (4245),,Governing Board Member-4yr - Queen Creek ESD #95,Patty CAMPBELL,,19166.0,17338.0,1819.0,,,,,,,,,,,,,,,,,,,,,
2024.0,2024-11-05,general,Maricopa,Roosevelt ESD #66,4279.0,0407080.0,Roosevelt Elementary District (4279),,Governing Board Member-4yr - Roosevelt ESD #66,Christiane ORTEGA,,10250.0,8692.0,1529.0,4.0,,,,,,,,,,,,,,,,,,,,
2024.0,2024-11-05,general,Maricopa,Roosevelt ESD #66,4279.0,0407080.0,Roosevelt Elementary District (4279),,Governing Board Member-4yr - Roosevelt ESD #66,Hannibal MUHAMMAD,,5989.0,5253.0,722.0,2.0,,,,,,,,,,,,,,,,,,,,
2024.0,2024-11-05,general,Maricopa,Roosevelt ESD #66,4279.0,0407080.0,Roosevelt Elementary District (4279),,Governing Board Member-4yr - Roosevelt ESD #66,James Anthony GONZALEZ,,12888.0,11509.0,1359.0,3.0,,,,,,,,,,,,,,,,,,,,
2024.0,2024-11-05,general,Maricopa,Roosevelt ESD #66,4279.0,0407080.0,Roosevelt Elementary District (4279),,Governing Board Member-4yr - Roosevelt ESD #66,Michael D BUTTS,,14265.0,12891.0,1355.0,3.0,,,,,,,,,,,,,,,,,,,,
2024.0,2024-11-05,general,Maricopa,Roosevelt ESD #66,4279.0,0407080.0,Roosevelt Elementary District (4279),,Governing Board Member-4yr - Roosevelt ESD #66,Sandra JEREZ,,8746.0,7234.0,1490.0,2.0,,,,,,,,,,,,,,,,,,,,
2024.0,2024-11-05,general,Maricopa,Roosevelt ESD #66,4279.0,0407080.0,Roosevelt Elementary District (4279),,Governing Board Member-4yr - Roosevelt ESD #66,Tatiana PENA,,13328.0,11301.0,2000.0,6.0,,,,,,,,,,,,,,,,,,,,
2024.0,2024-11-05,general,Maricopa,Roosevelt ESD #66,4279.0,0407080.0,Roosevelt Elementary District (4279),,Governing Board Member-4yr - Roosevelt ESD #66,Victoria W CASTRO-CORRAL,,15820.0,14263.0,1531.0,1.0,,,,,,,,,,,,,,,,,,,,
2024.0,2024-11-05,general,Maricopa,SCOTTSDALE USD #48,4240.0,0407570.0,Scottsdale Unified District (4240),,Governing Board Member-4yr - Scottsdale USD #48,Donna LEWIS,,56096.0,52640.0,3416.0,2.0,,,,,,,,,,,,,,,,,,,,
2024.0,2024-11-05,general,Maricopa,SCOTTSDALE USD #48,4240.0,0407570.0,Scottsdale Unified District (4240),,Governing Board Member-4yr - Scottsdale USD #48,Drew HASSLER,,42422.0,38535.0,3836.0,4.0,,,,,,,,,,,,,,,,,,,,
2024.0,2024-11-05,general,Maricopa,SCOTTSDALE USD #48,4240.0,0407570.0,Scottsdale Unified District (4240),,Governing Board Member-4yr - Scottsdale USD #48,Gretchen JACOBS,,45999.0,42045.0,3904.0,5.0,,,,,,,,,,,,,,,,,,,,
2024.0,2024-11-05,general,Maricopa,SCOTTSDALE USD #48,4240.0,0407570.0,Scottsdale Unified District (4240),,Governing Board Member-4yr - Scottsdale USD #48,Jeanne BEASLEY,,46849.0,42570.0,4230.0,5.0,,,,,,,,,,,,,,,,,,,,
2024.0,2024-11-05,general,Maricopa,SCOTTSDALE USD #48,4240.0,0407570.0,Scottsdale Unified District (4240),,Governing Board Member-4yr - Scottsdale USD #48,Matt PITTINSKY,,52960.0,49753.0,3175.0,1.0,,,,,,,,,,,,,,,,,,,,
2024.0,2024-11-05,general,Maricopa,SCOTTSDALE USD #48,4240.0,0407570.0,Scottsdale Unified District (4240),,Governing Board Member-4yr - Scottsdale USD #48,Mike SHARKEY,,52355.0,49090.0,3227.0,5.0,,,,,,,,,,,,,,,,,,,,
2024.0,2024-11-05,general,Maricopa,Tempe ESD #3,4258.0,0408310.0,Tempe School District (4258),,Governing Board Member-4yr - Tempe ESD #3,Allison EWERS,,28725.0,25179.0,3490.0,29.0,,,,,,,,,,,,,,,,,,,,
2024.0,2024-11-05,general,Maricopa,Tempe ESD #3,4258.0,0408310.0,Tempe School District (4258),,Governing Board Member-4yr - Tempe ESD #3,Ivan PEMBERTON,,15063.0,13140.0,1899.0,12.0,,,,,,,,,,,,,,,,,,,,
2024.0,2024-11-05,general,Maricopa,Tempe ESD #3,4258.0,0408310.0,Tempe School District (4258),,Governing Board Member-4yr - Tempe ESD #3,James J. LEMMON,,21388.0,18645.0,2694.0,21.0,,,,,,,,,,,,,,,,,,,,
2024.0,2024-11-05,general,Maricopa,Tempe ESD #3,4258.0,0408310.0,Tempe School District (4258),,Governing Board Member-4yr - Tempe ESD #3,Ray THIRY,,20864.0,18480.0,2340.0,23.0,,,,,,,,,,,,,,,,,,,,
2024.0,2024-11-05,general,Maricopa,TOLLESON ESD #17,4264.0,0408490.0,Tolleson Elementary District (4264),,Governing Board Member-4yr - Tolleson ESD #17,Adrian G. MORADO,,1568.0,1360.0,198.0,5.0,,,,,,,,,,,,,,,,,,,,
2024.0,2024-11-05,general,Maricopa,TOLLESON ESD #17,4264.0,0408490.0,Tolleson Elementary District (4264),,Governing Board Member-4yr - Tolleson ESD #17,Alva Palofox CANO,,909.0,756.0,148.0,4.0,,,,,,,,,,,,,,,,,,,,
2024.0,2024-11-05,general,Maricopa,TOLLESON ESD #17,4264.0,0408490.0,Tolleson Elementary District (4264),,Governing Board Member-4yr - Tolleson ESD #17,Amanda RINCON,,1133.0,940.0,189.0,3.0,,,,,,,,,,,,,,,,,,,,
2024.0,2024-11-05,general,Maricopa,TOLLESON ESD #17,4264.0,0408490.0,Tolleson Elementary District (4264),,Governing Board Member-4yr - Tolleson ESD #17,Belinda QUEZADA,,1534.0,1342.0,185.0,4.0,,,,,,,,,,,,,,,,,,,,
2024.0,2024-11-05,general,Maricopa,TOLLESON ESD #17,4264.0,0408490.0,Tolleson Elementary District (4264),,Governing Board Member-4yr - Tolleson ESD #17,Clorinda Contreras ERIVES,,1388.0,1192.0,186.0,8.0,,,,,,,,,,,,,,,,,,,,
2024.0,2024-11-05,general,Maricopa,TOLLESON ESD #17,4264.0,0408490.0,Tolleson Elementary District (4264),,Governing Board Member-4yr - Tolleson ESD #17,Roberta A GARCIA,,1456.0,1260.0,189.0,3.0,,,,,,,,,,,,,,,,,,,,
2024.0,2024-11-05,general,Maricopa,Tolleson UHSD #214,4288.0,0408520.0,Tolleson Union High School District (4288),,Governing Board Member-4yr - Tolleson UHSD #214,Freddie Daniel VILALON,,23206.0,20252.0,2907.0,7.0,,,,,,,,,,,,,,,,,,,,
2024.0,2024-11-05,general,Maricopa,Tolleson UHSD #214,4288.0,0408520.0,Tolleson Union High School District (4288),,Governing Board Member-4yr - Tolleson UHSD #214,Leezah SUN,,24714.0,21082.0,3582.0,9.0,,,,,,,,,,,,,,,,,,,,
2024.0,2024-11-05,general,Maricopa,Tolleson UHSD #214,4288.0,0408520.0,Tolleson Union High School District (4288),,Governing Board Member-4yr - Tolleson UHSD #214,Miguel A. ORTEGA-ROMERO,,30763.0,26309.0,4401.0,11.0,,,,,,,,,,,,,,,,,,,,
2024.0,2024-11-05,general,Maricopa,Tolleson UHSD #214,4288.0,0408520.0,Tolleson Union High School District (4288),,Governing Board Member-4yr - Tolleson UHSD #214,Steven CHAPMAN,,25129.0,21943.0,3139.0,7.0,,,,,,,,,,,,,,,,,,,,
2024.0,2024-11-05,general,Maricopa,WASHINGTON ESD #6,4260.0,0409060.0,Washington Elementary School District (4260),,Governing Board Member-4yr - Washington ESD #6,Bill ADAMS,,31855.0,27677.0,4130.0,4.0,,,,,,,,,,,,,,,,,,,,
2024.0,2024-11-05,general,Maricopa,WASHINGTON ESD #6,4260.0,0409060.0,Washington Elementary School District (4260),,Governing Board Member-4yr - Washington ESD #6,Jenni ABBOT-BAYARDI,,35954.0,32052.0,3854.0,5.0,,,,,,,,,,,,,,,,,,,,
2024.0,2024-11-05,general,Maricopa,WASHINGTON ESD #6,4260.0,0409060.0,Washington Elementary School District (4260),,Governing Board Member-4yr - Washington ESD #6,Karen KONETZNI,,30622.0,27092.0,3482.0,8.0,,,,,,,,,,,,,,,,,,,,
2024.0,2024-11-05,general,Maricopa,WASHINGTON ESD #6,4260.0,0409060.0,Washington Elementary School District (4260),,Governing Board Member-4yr - Washington ESD #6,Linsey PETERSON,,41008.0,36166.0,4767.0,7.0,,,,,,,,,,,,,,,,,,,,
2014.0,2014-11-04,general,Mohave,Board Member 2yr Hackberry ESD 3,4371.0,0403660.0,Hackberry School District (4371),,HACKBERRY ELEMENTARY SCHOOL DIST. 3 (ELECT 1),"HAMODEY, ROCKY",,354.0,,,,,,,,,,,,,,,,,,,,,,,
2014.0,2014-11-04,general,Mohave,Board Member 2yr Hackberry ESD 3,4371.0,0403660.0,Hackberry School District (4371),,HACKBERRY ELEMENTARY SCHOOL DIST. 3 (ELECT 1),"ROBLES, MONITA",,296.0,,,,,,,,,,,,,,,,,,,,,,,
2014.0,2014-11-04,general,Mohave,Board Member Kingman USD 20,79598.0,0400295.0,Kingman Unified School District (79598),,KINGMAN UNIFIED SCHOOL DIST. 20 (ELECT 3),"BROCK, JERI LYNN",,10848.0,,,,,,,,,,,,,,,,,,,,,,,
2014.0,2014-11-04,general,Mohave,Board Member Kingman USD 20,79598.0,0400295.0,Kingman Unified School District (79598),,KINGMAN UNIFIED SCHOOL DIST. 20 (ELECT 3),"CAVE, JIMMY",,9728.0,,,,,,,,,,,,,,,,,,,,,,,
2014.0,2014-11-04,general,Mohave,Board Member Kingman USD 20,79598.0,0400295.0,Kingman Unified School District (79598),,KINGMAN UNIFIED SCHOOL DIST. 20 (ELECT 3),"LUCERO, CHARLES",,12890.0,,,,,,,,,,,,,,,,,,,,,,,
2014.0,2014-11-04,general,Mohave,Board Member Kingman USD 20,79598.0,0400295.0,Kingman Unified School District (79598),,KINGMAN UNIFIED SCHOOL DIST. 20 (ELECT 3),"WEISSER, BETH",,10772.0,,,,,,,,,,,,,,,,,,,,,,,
2014.0,2014-11-04,general,Mohave,Board Member Kingman USD 20,79598.0,0400295.0,Kingman Unified School District (79598),,KINGMAN UNIFIED SCHOOL DIST. 20 (ELECT 3),"YOUNG, CAROLE",,13022.0,,,,,,,,,,,,,,,,,,,,,,,
2014.0,2014-11-04,general,Mohave,Board Member 2yr Lake Havasu USD 1,4368.0,0404280.0,Lake Havasu Unified District (4368),,LAKE HAVASU UNIFIED SCHOOL DIST. 1 (ELECT 2),"BRIDGES, VERNON",,9546.0,,,,,,,,,,,,,,,,,,,,,,,
2014.0,2014-11-04,general,Mohave,Board Member 2yr Lake Havasu USD 1,4368.0,0404280.0,Lake Havasu Unified District (4368),,LAKE HAVASU UNIFIED SCHOOL DIST. 1 (ELECT 2),"COHEN, NICHOLE",,12416.0,,,,,,,,,,,,,,,,,,,,,,,
2014.0,2014-11-04,general,Mohave,Board Member 2yr Lake Havasu USD 1,4368.0,0404280.0,Lake Havasu Unified District (4368),,LAKE HAVASU UNIFIED SCHOOL DIST. 1 (ELECT 2),"PFLEGER, DEANNA",,11026.0,,,,,,,,,,,,,,,,,,,,,,,
2014.0,2014-11-04,general,Mohave,Board Member 2yr Lake Havasu USD 1,4368.0,0404280.0,Lake Havasu Unified District (4368),,LAKE HAVASU UNIFIED SCHOOL DIST. 1 (ELECT 2),"ROONEY, WILLIAM \PAT""",,13060.0,,,,,,,,,,,,,,,,,,,,,,,
2016.0,2016-11-08,general,Mohave,Board Member Kingman USD 20,79598.0,0400295.0,Kingman Unified School District (79598),,Bd Member Kingman US Dist. 20,"CATES, KENN ""CORKY""",NON,4534.0,2506.0,1766.0,262.0,,,,,,,,,,,,,,,,,,,,
2016.0,2016-11-08,general,Mohave,Board Member Kingman USD 20,79598.0,0400295.0,Kingman Unified School District (79598),,Bd Member Kingman US Dist. 20,"RICCA, BRUCE",NON,7565.0,4356.0,2879.0,330.0,,,,,,,,,,,,,,,,,,,,
2016.0,2016-11-08,general,Mohave,Board Member Kingman USD 20,79598.0,0400295.0,Kingman Unified School District (79598),,Bd Member Kingman US Dist. 20,"ROBINSON, STEVEN",NON,5328.0,3248.0,1871.0,209.0,,,,,,,,,,,,,,,,,,,,
2016.0,2016-11-08,general,Mohave,Board Member Kingman USD 20,79598.0,0400295.0,Kingman Unified School District (79598),,Bd Member Kingman US Dist. 20,"VOSS BARTHLOW, LAURIE",NON,7201.0,4439.0,2507.0,255.0,,,,,,,,,,,,,,,,,,,,
2016.0,2016-11-08,general,Mohave,Board Member Kingman USD 20,79598.0,0400295.0,Kingman Unified School District (79598),,Bd Member Kingman US Dist. 20,"WEISSER, BETH",NON,8172.0,5101.0,2702.0,369.0,,,,,,,,,,,,,,,,,,,,
2016.0,2016-11-08,general,Mohave,Board Member 2yr Lake Havasu USD 1,4368.0,0404280.0,Lake Havasu Unified District (4368),,Bd Member Lake Havasu US Dist. 1,"AHRENS, STEVE",NON,7285.0,5178.0,1929.0,178.0,,,,,,,,,,,,,,,,,,,,
2016.0,2016-11-08,general,Mohave,Board Member 2yr Lake Havasu USD 1,4368.0,0404280.0,Lake Havasu Unified District (4368),,Bd Member Lake Havasu US Dist. 1,"COX, KATHY",NON,12211.0,8519.0,3257.0,435.0,,,,,,,,,,,,,,,,,,,,
2016.0,2016-11-08,general,Mohave,Board Member 2yr Lake Havasu USD 1,4368.0,0404280.0,Lake Havasu Unified District (4368),,Bd Member Lake Havasu US Dist. 1,"MASDEN, JOHN",NON,8495.0,5965.0,2305.0,225.0,,,,,,,,,,,,,,,,,,,,
2016.0,2016-11-08,general,Mohave,Board Member 2yr Lake Havasu USD 1,4368.0,0404280.0,Lake Havasu Unified District (4368),,Bd Member Lake Havasu US Dist. 1,"SCHMITT, ROGER",NON,6635.0,4717.0,1727.0,191.0,,,,,,,,,,,,,,,,,,,,
2016.0,2016-11-08,general,Mohave,Board Member 2yr Lake Havasu USD 1,4368.0,0404280.0,Lake Havasu Unified District (4368),,Bd Member Lake Havasu US Dist. 1,"WARD, LAWRENCE ALAN ""GRUMPY""",NON,9114.0,6194.0,2612.0,308.0,,,,,,,,,,,,,,,,,,,,
2024.0,2024-11-05,general,Mohave,Board Member Colorado City USD 14,4370.0,0400021.0,Colorado City Unified District (4370),,School Board Member - CCUSD #14,Daniel DUTSON,,724.0,,,,,,,,,,,,,,,,,,,,,,,
2024.0,2024-11-05,general,Mohave,Board Member Colorado City USD 14,4370.0,0400021.0,Colorado City Unified District (4370),,School Board Member - CCUSD #14,Elizabeth DOCKSTADER,,1015.0,,,,,,,,,,,,,,,,,,,,,,,
2024.0,2024-11-05,general,Mohave,Board Member Colorado City USD 14,4370.0,0400021.0,Colorado City Unified District (4370),,School Board Member - CCUSD #14,Harold HOLM,,532.0,,,,,,,,,,,,,,,,,,,,,,,
2024.0,2024-11-05,general,Mohave,Board Member Colorado City USD 14,4370.0,0400021.0,Colorado City Unified District (4370),,School Board Member - CCUSD #14,Mardi HOLM,,525.0,,,,,,,,,,,,,,,,,,,,,,,
2024.0,2024-11-05,general,Mohave,Board Member Colorado City USD 14,4370.0,0400021.0,Colorado City Unified District (4370),,School Board Member - CCUSD #14,Rebecca BARLOW,,630.0,,,,,,,,,,,,,,,,,,,,,,,
2024.0,2024-11-05,general,Mohave,Board Member Kingman USD 20,79598.0,0400295.0,Kingman Unified School District (79598),,School Board Member - KUSD #20,Boyd HARDY,,12146.0,,,,,,,,,,,,,,,,,,,,,,,
2024.0,2024-11-05,general,Mohave,Board Member Kingman USD 20,79598.0,0400295.0,Kingman Unified School District (79598),,School Board Member - KUSD #20,Danielle OHLE,,8381.0,,,,,,,,,,,,,,,,,,,,,,,
2024.0,2024-11-05,general,Mohave,Board Member Kingman USD 20,79598.0,0400295.0,Kingman Unified School District (79598),,School Board Member - KUSD #20,Starr JENSEN,,10281.0,,,,,,,,,,,,,,,,,,,,,,,
2024.0,2024-11-05,general,Mohave,Board Member Kingman USD 20,79598.0,0400295.0,Kingman Unified School District (79598),,School Board Member - KUSD #20,Susan COLLINS,,14195.0,,,,,,,,,,,,,,,,,,,,,,,
2014.0,2014-11-04,general,Navajo,Bd Member Blue Ridge USD,4397.0,0406580.0,Blue Ridge Unified School District No. 32 (4397),,BLUE RIDGE USD #32 (ELECT 2),"CLARK, RAYMOND",,2160.0,,,,,,,,,,,,,,,,,,,,,,,
2014.0,2014-11-04,general,Navajo,Bd Member Blue Ridge USD,4397.0,0406580.0,Blue Ridge Unified School District No. 32 (4397),,BLUE RIDGE USD #32 (ELECT 2),"COCHENOUR, A'LECE",,1334.0,,,,,,,,,,,,,,,,,,,,,,,
2014.0,2014-11-04,general,Navajo,Bd Member Blue Ridge USD,4397.0,0406580.0,Blue Ridge Unified School District No. 32 (4397),,BLUE RIDGE USD #32 (ELECT 2),"GABE, MARGARET",,3372.0,,,,,,,,,,,,,,,,,,,,,,,
2014.0,2014-11-04,general,Navajo,Bd Member Blue Ridge USD,4397.0,0406580.0,Blue Ridge Unified School District No. 32 (4397),,BLUE RIDGE USD #32 (ELECT 2),"MERRILL, DAVID",,3878.0,,,,,,,,,,,,,,,,,,,,,,,
2014.0,2014-11-04,general,Navajo,Board Member Kayenta USD 27,4396.0,0404060.0,Kayenta Unified School District #27 (4396),,KAYENTA USD #27 (ELECT 2),"BECENTI-PIGMAN, BEVE",,912.0,,,,,,,,,,,,,,,,,,,,,,,
2014.0,2014-11-04,general,Navajo,Board Member Kayenta USD 27,4396.0,0404060.0,Kayenta Unified School District #27 (4396),,KAYENTA USD #27 (ELECT 2),"CLITSO-FRANCIS, DELP",,1268.0,,,,,,,,,,,,,,,,,,,,,,,
2014.0,2014-11-04,general,Navajo,Board Member Kayenta USD 27,4396.0,0404060.0,Kayenta Unified School District #27 (4396),,KAYENTA USD #27 (ELECT 2),"CLY-STRYKER, SHARON",,1920.0,,,,,,,,,,,,,,,,,,,,,,,
2014.0,2014-11-04,general,Navajo,Board Member Kayenta USD 27,4396.0,0404060.0,Kayenta Unified School District #27 (4396),,KAYENTA USD #27 (ELECT 2),"DIXON, LITA",,2108.0,,,,,,,,,,,,,,,,,,,,,,,
2014.0,2014-11-04,general,Navajo,Board Member Kayenta USD 27,4396.0,0404060.0,Kayenta Unified School District #27 (4396),,KAYENTA USD #27 (ELECT 2),"LAUGHTER, RAYMOND",,2492.0,,,,,,,,,,,,,,,,,,,,,,,
2014.0,2014-11-04,general,Navajo,Board Member Show Low USD #10,4393.0,0407700.0,Show Low Unified District  (4393),,SHOW LOW USD #10 (ELECT 2),"ANDERSON, STACY",,3250.0,,,,,,,,,,,,,,,,,,,,,,,
2014.0,2014-11-04,general,Navajo,Board Member Show Low USD #10,4393.0,0407700.0,Show Low Unified District  (4393),,SHOW LOW USD #10 (ELECT 2),"LIZARDI, PAMELA",,3058.0,,,,,,,,,,,,,,,,,,,,,,,
2014.0,2014-11-04,general,Navajo,Board Member Show Low USD #10,4393.0,0407700.0,Show Low Unified District  (4393),,SHOW LOW USD #10 (ELECT 2),"RIDGLEY, DINAH",,2650.0,,,,,,,,,,,,,,,,,,,,,,,
2014.0,2014-11-04,general,Navajo,Board Member Show Low USD #10,4393.0,0407700.0,Show Low Unified District  (4393),,SHOW LOW USD #10 (ELECT 2),"SCHIPPER, G. KENT",,1652.0,,,,,,,,,,,,,,,,,,,,,,,
2014.0,2014-11-04,general,Navajo,Board Member Show Low USD #10,4393.0,0407700.0,Show Low Unified District  (4393),,SHOW LOW USD #10 (ELECT 2),"WYATT, PAUL",,2854.0,,,,,,,,,,,,,,,,,,,,,,,
2014.0,2014-11-04,general,Navajo,Board Member Winslow USD 1,4387.0,0409460.0,Winslow Unified District (4387),,WINSLOW USD #1 (ELECT 2),"ERVIEN, MARILEE",,2286.0,,,,,,,,,,,,,,,,,,,,,,,
2014.0,2014-11-04,general,Navajo,Board Member Winslow USD 1,4387.0,0409460.0,Winslow Unified District (4387),,WINSLOW USD #1 (ELECT 2),"MONTOYA, JOSEPHINE \"",0,120,12 SOUTH HEBER/OVERGAARD""",,350.0,,,,,,,,,,,,,,,,,,,,,,,
2014.0,2014-11-04,general,Navajo,Board Member Winslow USD 1,4387.0,0409460.0,Winslow Unified District (4387),,WINSLOW USD #1 (ELECT 2),"MONTOYA, JOSEPHINE \"",1082,999999,Election Total""",,350.0,,,,,,,,,,,,,,,,,,,,,,,
2014.0,2014-11-04,general,Navajo,Board Member Winslow USD 1,4387.0,0409460.0,Winslow Unified District (4387),,WINSLOW USD #1 (ELECT 2),"MONTOYA, JOSEPHINE \"",189,600,60 WEST WINSLOW""",,350.0,,,,,,,,,,,,,,,,,,,,,,,
2014.0,2014-11-04,general,Navajo,Board Member Winslow USD 1,4387.0,0409460.0,Winslow Unified District (4387),,WINSLOW USD #1 (ELECT 2),"MONTOYA, JOSEPHINE \"",23,70,07 DILKON""",,350.0,,,,,,,,,,,,,,,,,,,,,,,
2014.0,2014-11-04,general,Navajo,Board Member Winslow USD 1,4387.0,0409460.0,Winslow Unified District (4387),,WINSLOW USD #1 (ELECT 2),"MONTOYA, JOSEPHINE \"",334,590,59 NORTH WINSLOW""",,350.0,,,,,,,,,,,,,,,,,,,,,,,
2014.0,2014-11-04,general,Navajo,Board Member Winslow USD 1,4387.0,0409460.0,Winslow Unified District (4387),,WINSLOW USD #1 (ELECT 2),"MONTOYA, JOSEPHINE \"",338,570,57 SOUTH WINSLOW""",,350.0,,,,,,,,,,,,,,,,,,,,,,,
2014.0,2014-11-04,general,Navajo,Board Member Winslow USD 1,4387.0,0409460.0,Winslow Unified District (4387),,WINSLOW USD #1 (ELECT 2),"MONTOYA, JOSEPHINE \"",41,580,58 EAST WINSLOW""",,350.0,,,,,,,,,,,,,,,,,,,,,,,
2014.0,2014-11-04,general,Navajo,Board Member Winslow USD 1,4387.0,0409460.0,Winslow Unified District (4387),,WINSLOW USD #1 (ELECT 2),"MONTOYA, JOSEPHINE \"",5,130,13 NORTH HEBER/OVERGAARD""",,350.0,,,,,,,,,,,,,,,,,,,,,,,
2014.0,2014-11-04,general,Navajo,Board Member Winslow USD 1,4387.0,0409460.0,Winslow Unified District (4387),,WINSLOW USD #1 (ELECT 2),"MONTOYA, JOSEPHINE \"",63,490,49 TEESTO""",,350.0,,,,,,,,,,,,,,,,,,,,,,,
2014.0,2014-11-04,general,Navajo,Board Member Winslow USD 1,4387.0,0409460.0,Winslow Unified District (4387),,WINSLOW USD #1 (ELECT 2),"MONTOYA, JOSEPHINE \"",89,10,01 BIRDSPRINGS""",,350.0,,,,,,,,,,,,,,,,,,,,,,,
2020.0,2020-11-03,general,Navajo,Board Member Kayenta USD 27,4396.0,0404060.0,Kayenta Unified School District #27 (4396),,Board Member Kayenta,"BIA, JOE JR.",,2500.0,1672.0,639.0,3.0,,,,,,,,,,,,,,,,,,,,
2020.0,2020-11-03,general,Navajo,Board Member Kayenta USD 27,4396.0,0404060.0,Kayenta Unified School District #27 (4396),,Board Member Kayenta,"LEE, ROYD R.",,2592.0,1761.0,622.0,6.0,,,,,,,,,,,,,,,,,,,,
2020.0,2020-11-03,general,Navajo,Board Member Kayenta USD 27,4396.0,0404060.0,Kayenta Unified School District #27 (4396),,Board Member Kayenta,"NEZ, JAMES",,2833.0,1951.0,650.0,5.0,,,,,,,,,,,,,,,,,,,,
2020.0,2020-11-03,general,Navajo,Board Member Kayenta USD 27,4396.0,0404060.0,Kayenta Unified School District #27 (4396),,Board Member Kayenta,Overvotes,,3.0,,,,,,,,,,,,,,,,,,,,,,,
2020.0,2020-11-03,general,Navajo,Board Member Kayenta USD 27,4396.0,0404060.0,Kayenta Unified School District #27 (4396),,Board Member Kayenta,Undervotes,,6639.0,4474.0,1571.0,19.0,,,,,,,,,,,,,,,,,,,,
2020.0,2020-11-03,general,Navajo,Board Member Pinon USD 4,4390.0,0400023.0,Pinon Unified District (4390),,Board Member Pinon,"ALLEN, BESSIE S.",,1472.0,840.0,496.0,3.0,,,,,,,,,,,,,,,,,,,,
2020.0,2020-11-03,general,Navajo,Board Member Pinon USD 4,4390.0,0400023.0,Pinon Unified District (4390),,Board Member Pinon,"BITSUI, MARANDA",,1555.0,871.0,526.0,2.0,,,,,,,,,,,,,,,,,,,,
2020.0,2020-11-03,general,Navajo,Board Member Pinon USD 4,4390.0,0400023.0,Pinon Unified District (4390),,Board Member Pinon,"MCCABE III, TOMMY",,1507.0,871.0,497.0,1.0,,,,,,,,,,,,,,,,,,,,
2020.0,2020-11-03,general,Navajo,Board Member Pinon USD 4,4390.0,0400023.0,Pinon Unified District (4390),,Board Member Pinon,Overvotes,,51.0,33.0,9.0,,,,,,,,,,,,,,,,,,,,,
2020.0,2020-11-03,general,Navajo,Board Member Pinon USD 4,4390.0,0400023.0,Pinon Unified District (4390),,Board Member Pinon,"TACHINE, PHYLLIS",,914.0,475.0,359.0,1.0,,,,,,,,,,,,,,,,,,,,
2020.0,2020-11-03,general,Navajo,Board Member Pinon USD 4,4390.0,0400023.0,Pinon Unified District (4390),,Board Member Pinon,Undervotes,,3165.0,1592.0,1241.0,10.0,,,,,,,,,,,,,,,,,,,,
2020.0,2020-11-03,general,Navajo,Board Member Pinon USD 4,4390.0,0400023.0,Pinon Unified District (4390),,Board Member Pinon,"YAZZIE, DOROTHY R.",,1610.0,950.0,498.0,1.0,,,,,,,,,,,,,,,,,,,,
2020.0,2020-11-03,general,Navajo,Board Member Show Low USD #10,4393.0,0407700.0,Show Low Unified District  (4393),,Board Member Show Low,"LARSEN, JOHN",,5349.0,3521.0,1290.0,19.0,,,,,,,,,,,,,,,,,,,,
2020.0,2020-11-03,general,Navajo,Board Member Show Low USD #10,4393.0,0407700.0,Show Low Unified District  (4393),,Board Member Show Low,Overvotes,,3.0,,3.0,,,,,,,,,,,,,,,,,,,,,
2020.0,2020-11-03,general,Navajo,Board Member Show Low USD #10,4393.0,0407700.0,Show Low Unified District  (4393),,Board Member Show Low,"SCHULTZ, LAMISTA",,4112.0,2866.0,842.0,13.0,,,,,,,,,,,,,,,,,,,,
2020.0,2020-11-03,general,Navajo,Board Member Show Low USD #10,4393.0,0407700.0,Show Low Unified District  (4393),,Board Member Show Low,Undervotes,,19235.0,12612.0,4703.0,128.0,,,,,,,,,,,,,,,,,,,,
2020.0,2020-11-03,general,Navajo,Board Member Winslow USD 1,4387.0,0409460.0,Winslow Unified District (4387),,Board Member Winslow,"GREENWOOD, SHARON B.",,2050.0,1388.0,465.0,8.0,,,,,,,,,,,,,,,,,,,,
2020.0,2020-11-03,general,Navajo,Board Member Winslow USD 1,4387.0,0409460.0,Winslow Unified District (4387),,Board Member Winslow,"HARTNETT, JOSEPH",,2147.0,1482.0,451.0,5.0,,,,,,,,,,,,,,,,,,,,
2020.0,2020-11-03,general,Navajo,Board Member Winslow USD 1,4387.0,0409460.0,Winslow Unified District (4387),,Board Member Winslow,"LEONARD, ALLEN",,2184.0,1457.0,517.0,7.0,,,,,,,,,,,,,,,,,,,,
2020.0,2020-11-03,general,Navajo,Board Member Winslow USD 1,4387.0,0409460.0,Winslow Unified District (4387),,Board Member Winslow,"MARTINEZ, DEBBIE",,2666.0,1833.0,572.0,13.0,,,,,,,,,,,,,,,,,,,,
2020.0,2020-11-03,general,Navajo,Board Member Winslow USD 1,4387.0,0409460.0,Winslow Unified District (4387),,Board Member Winslow,Undervotes,,4110.0,2513.0,1156.0,41.0,,,,,,,,,,,,,,,,,,,,
2024.0,2024-11-05,general,Navajo,Board Member Kayenta USD 27,4396.0,0404060.0,Kayenta Unified School District #27 (4396),,Board Member - Kayenta USD #27,Glenda Lynn FULLER,,1731.0,,,,,,,,,,,,,,,,,,,,,,,
2024.0,2024-11-05,general,Navajo,Board Member Kayenta USD 27,4396.0,0404060.0,Kayenta Unified School District #27 (4396),,Board Member - Kayenta USD #27,Iverna L. PARRISH-JOHN,,1696.0,,,,,,,,,,,,,,,,,,,,,,,
2024.0,2024-11-05,general,Navajo,Board Member Kayenta USD 27,4396.0,0404060.0,Kayenta Unified School District #27 (4396),,Board Member - Kayenta USD #27,James D. NEZ,,1764.0,,,,,,,,,,,,,,,,,,,,,,,
2024.0,2024-11-05,general,Navajo,Board Member Kayenta USD 27,4396.0,0404060.0,Kayenta Unified School District #27 (4396),,Board Member - Kayenta USD #27,"Kurt CLAW, KU",,1595.0,,,,,,,,,,,,,,,,,,,,,,,
2024.0,2024-11-05,general,Navajo,Board Member Kayenta USD 27,4396.0,0404060.0,Kayenta Unified School District #27 (4396),,Board Member - Kayenta USD #27,Overvotes,,15.0,,,,,,,,,,,,,,,,,,,,,,,
2024.0,2024-11-05,general,Navajo,Board Member Kayenta USD 27,4396.0,0404060.0,Kayenta Unified School District #27 (4396),,Board Member - Kayenta USD #27,Royd R. LEE,,1453.0,,,,,,,,,,,,,,,,,,,,,,,
2024.0,2024-11-05,general,Navajo,Board Member Kayenta USD 27,4396.0,0404060.0,Kayenta Unified School District #27 (4396),,Board Member - Kayenta USD #27,Undervotes,,3968.0,,,,,,,,,,,,,,,,,,,,,,,
2024.0,2024-11-05,general,Navajo,Board Member Pinon USD 4,4390.0,0400023.0,Pinon Unified District (4390),,Board Member - Pinon USD #4,Dorothy R. YAZZIE,,1617.0,,,,,,,,,,,,,,,,,,,,,,,
2024.0,2024-11-05,general,Navajo,Board Member Pinon USD 4,4390.0,0400023.0,Pinon Unified District (4390),,Board Member - Pinon USD #4,Evelyn M. MEADOWS,,1240.0,,,,,,,,,,,,,,,,,,,,,,,
2024.0,2024-11-05,general,Navajo,Board Member Pinon USD 4,4390.0,0400023.0,Pinon Unified District (4390),,Board Member - Pinon USD #4,Overvotes,,12.0,,,,,,,,,,,,,,,,,,,,,,,
2024.0,2024-11-05,general,Navajo,Board Member Pinon USD 4,4390.0,0400023.0,Pinon Unified District (4390),,Board Member - Pinon USD #4,Ramona NALWOOD,,1638.0,,,,,,,,,,,,,,,,,,,,,,,
2024.0,2024-11-05,general,Navajo,Board Member Pinon USD 4,4390.0,0400023.0,Pinon Unified District (4390),,Board Member - Pinon USD #4,Undervotes,,3213.0,,,,,,,,,,,,,,,,,,,,,,,
2024.0,2024-11-05,general,Navajo,Board Member Pinon USD 4,4390.0,0400023.0,Pinon Unified District (4390),,Board Member - Pinon USD #4,Verna REDHOUSE,,1183.0,,,,,,,,,,,,,,,,,,,,,,,
2024.0,2024-11-05,general,Navajo,Board Member Show Low USD #10,4393.0,0407700.0,Show Low Unified District  (4393),,Board Member - Show Low USD #10,Angela CAMPBELL,,2313.0,,,,,,,,,,,,,,,,,,,,,,,
2024.0,2024-11-05,general,Navajo,Board Member Show Low USD #10,4393.0,0407700.0,Show Low Unified District  (4393),,Board Member - Show Low USD #10,Janell STERNER,,1707.0,,,,,,,,,,,,,,,,,,,,,,,
2024.0,2024-11-05,general,Navajo,Board Member Show Low USD #10,4393.0,0407700.0,Show Low Unified District  (4393),,Board Member - Show Low USD #10,John LARSEN,,3475.0,,,,,,,,,,,,,,,,,,,,,,,
2024.0,2024-11-05,general,Navajo,Board Member Show Low USD #10,4393.0,0407700.0,Show Low Unified District  (4393),,Board Member - Show Low USD #10,Kathleen Marie ANGELOS,,1943.0,,,,,,,,,,,,,,,,,,,,,,,
2024.0,2024-11-05,general,Navajo,Board Member Show Low USD #10,4393.0,0407700.0,Show Low Unified District  (4393),,Board Member - Show Low USD #10,Kelly BOYER,,4076.0,,,,,,,,,,,,,,,,,,,,,,,
2024.0,2024-11-05,general,Navajo,Board Member Show Low USD #10,4393.0,0407700.0,Show Low Unified District  (4393),,Board Member - Show Low USD #10,Lamista SCHULTZ,,1463.0,,,,,,,,,,,,,,,,,,,,,,,
2024.0,2024-11-05,general,Navajo,Board Member Show Low USD #10,4393.0,0407700.0,Show Low Unified District  (4393),,Board Member - Show Low USD #10,Lynsi MACGREGOR,,2295.0,,,,,,,,,,,,,,,,,,,,,,,
2024.0,2024-11-05,general,Navajo,Board Member Show Low USD #10,4393.0,0407700.0,Show Low Unified District  (4393),,Board Member - Show Low USD #10,Overvotes,,33.0,,,,,,,,,,,,,,,,,,,,,,,
2024.0,2024-11-05,general,Navajo,Board Member Show Low USD #10,4393.0,0407700.0,Show Low Unified District  (4393),,Board Member - Show Low USD #10,Robert HEPHNER,,1699.0,,,,,,,,,,,,,,,,,,,,,,,
2024.0,2024-11-05,general,Navajo,Board Member Show Low USD #10,4393.0,0407700.0,Show Low Unified District  (4393),,Board Member - Show Low USD #10,Undervotes,,13175.0,,,,,,,,,,,,,,,,,,,,,,,
2014.0,2014-11-04,general,Pima,GOVERNING BOARD - AMPHITHEATER UNIFIED,4406.0,0400680.0,Amphitheater Unified District (4406),,AMPHITHEATER UNIFIED S.D. 10 (SELECT 2),"GRANT, JO",,38666.0,,,,,,,,,,,,,,,,,,,,,,,
2014.0,2014-11-04,general,Pima,GOVERNING BOARD - AMPHITHEATER UNIFIED,4406.0,0400680.0,Amphitheater Unified District (4406),,AMPHITHEATER UNIFIED S.D. 10 (SELECT 2),"LESKA, SCOTT A.",,31650.0,,,,,,,,,,,,,,,,,,,,,,,
2014.0,2014-11-04,general,Pima,GOVERNING BOARD - AMPHITHEATER UNIFIED,4406.0,0400680.0,Amphitheater Unified District (4406),,AMPHITHEATER UNIFIED S.D. 10 (SELECT 2),"STEWART, MICK",,28368.0,,,,,,,,,,,,,,,,,,,,,,,
2014.0,2014-11-04,general,Pima,Governing Board - Sahuarita Unified,4411.0,0407300.0,Sahuarita Unified District (4411),,SAHUARITA UNIFIED S.D. 30 (SELECT 2),"EVES, DAVID R.",,3998.0,,,,,,,,,,,,,,,,,,,,,,,
2014.0,2014-11-04,general,Pima,Governing Board - Sahuarita Unified,4411.0,0407300.0,Sahuarita Unified District (4411),,SAHUARITA UNIFIED S.D. 30 (SELECT 2),"MURPHY, TOM",,6116.0,,,,,,,,,,,,,,,,,,,,,,,
2014.0,2014-11-04,general,Pima,Governing Board - Sahuarita Unified,4411.0,0407300.0,Sahuarita Unified District (4411),,SAHUARITA UNIFIED S.D. 30 (SELECT 2),"SPARKS, JOHN",,4890.0,,,,,,,,,,,,,,,,,,,,,,,
2014.0,2014-11-04,general,Pima,Governing Board - Sahuarita Unified,4411.0,0407300.0,Sahuarita Unified District (4411),,SAHUARITA UNIFIED S.D. 30 (SELECT 2),"SUNDBERG, NOAH A.",,4208.0,,,,,,,,,,,,,,,,,,,,,,,
2014.0,2014-11-04,general,Pima,GOVERNING BOARD - SUNNYSIDE UNIFIED,4407.0,0408170.0,Sunnyside Unified District (4407),,SUNNYSIDE UNIFIED S.D. 12 (SELECT 2),"CARRILLO DONG, EVA",,7664.0,,,,,,,,,,,,,,,,,,,,,,,
2014.0,2014-11-04,general,Pima,GOVERNING BOARD - SUNNYSIDE UNIFIED,4407.0,0408170.0,Sunnyside Unified District (4407),,SUNNYSIDE UNIFIED S.D. 12 (SELECT 2),"HERNANDEZ JR., DANIE",,11560.0,,,,,,,,,,,,,,,,,,,,,,,
2014.0,2014-11-04,general,Pima,GOVERNING BOARD - SUNNYSIDE UNIFIED,4407.0,0408170.0,Sunnyside Unified District (4407),,SUNNYSIDE UNIFIED S.D. 12 (SELECT 2),"PAVEY, MALCOM R.",,6538.0,,,,,,,,,,,,,,,,,,,,,,,
2014.0,2014-11-04,general,Pima,Governing Board - Tucson Unified,4403.0,0408800.0,Tucson Unified District (4403),,TUCSON UNIFIED S.D. 1 (SELECT 2),"BERNAL, REN",,30848.0,,,,,,,,,,,,,,,,,,,,,,,
2014.0,2014-11-04,general,Pima,Governing Board - Tucson Unified,4403.0,0408800.0,Tucson Unified District (4403),,TUCSON UNIFIED S.D. 1 (SELECT 2),"CAMPOS-FLEENOR, DEBE",,35294.0,,,,,,,,,,,,,,,,,,,,,,,
2014.0,2014-11-04,general,Pima,Governing Board - Tucson Unified,4403.0,0408800.0,Tucson Unified District (4403),,TUCSON UNIFIED S.D. 1 (SELECT 2),"COTTON, DON",,37888.0,,,,,,,,,,,,,,,,,,,,,,,
2014.0,2014-11-04,general,Pima,Governing Board - Tucson Unified,4403.0,0408800.0,Tucson Unified District (4403),,TUCSON UNIFIED S.D. 1 (SELECT 2),"CUEVAS, MIGUEL",,23162.0,,,,,,,,,,,,,,,,,,,,,,,
2014.0,2014-11-04,general,Pima,Governing Board - Tucson Unified,4403.0,0408800.0,Tucson Unified District (4403),,TUCSON UNIFIED S.D. 1 (SELECT 2),"DARLAND, JEN",,56382.0,,,,,,,,,,,,,,,,,,,,,,,
2014.0,2014-11-04,general,Pima,Governing Board - Tucson Unified,4403.0,0408800.0,Tucson Unified District (4403),,TUCSON UNIFIED S.D. 1 (SELECT 2),"GRIJALVA, ADELITA S.",,68694.0,,,,,,,,,,,,,,,,,,,,,,,
2014.0,2014-11-04,general,Pima,Governing Board - Tucson Unified,4403.0,0408800.0,Tucson Unified District (4403),,TUCSON UNIFIED S.D. 1 (SELECT 2),"HICKS, MICHAEL",,57416.0,,,,,,,,,,,,,,,,,,,,,,,
2014.0,2014-11-04,general,Pima,Governing Board - Tucson Unified,4403.0,0408800.0,Tucson Unified District (4403),,TUCSON UNIFIED S.D. 1 (SELECT 2),"PUTNAM-HIDALGO, BETT",,33854.0,,,,,,,,,,,,,,,,,,,,,,,
2014.0,2014-11-04,general,Pima,Governing Board - Tucson Unified,4403.0,0408800.0,Tucson Unified District (4403),,TUCSON UNIFIED S.D. 1 (SELECT 2),"SAITTA, FRANCIS P.",,7904.0,,,,,,,,,,,,,,,,,,,,,,,
2014.0,2014-11-04,general,Pima,Governing Board - Vail Unified,4413.0,0408850.0,Vail Unified District (4413),,VAIL UNIFIED S.D. 20 (SELECT 2),"AITKEN, JON C.",,13992.0,,,,,,,,,,,,,,,,,,,,,,,
2014.0,2014-11-04,general,Pima,Governing Board - Vail Unified,4413.0,0408850.0,Vail Unified District (4413),,VAIL UNIFIED S.D. 20 (SELECT 2),"ANDERSON, CLAUDIA E.",,17956.0,,,,,,,,,,,,,,,,,,,,,,,
2014.0,2014-11-04,general,Pima,Governing Board - Vail Unified,4413.0,0408850.0,Vail Unified District (4413),,VAIL UNIFIED S.D. 20 (SELECT 2),"SIZER, ANTHONY",,13262.0,,,,,,,,,,,,,,,,,,,,,,,
2014.0,2014-11-04,general,Pinal,Board Member Eloy Elementary,4448.0,0402790.0,Eloy Elementary District (4448),,Eloy Elementary School District No. 11,"BUDGET OVERRIDE CONTINUATION, NO",,314.0,,,,,,,,,,,,,,,,,,,,,,,
2014.0,2014-11-04,general,Pinal,Board Member Eloy Elementary,4448.0,0402790.0,Eloy Elementary District (4448),,Eloy Elementary School District No. 11,"BUDGET OVERRIDE CONTINUATION, YES",,540.0,,,,,,,,,,,,,,,,,,,,,,,
2014.0,2014-11-04,general,Pinal,Board Member Santa Cruz Valley Union,4454.0,0407530.0,Santa Cruz Valley Union High School District (4454),,Santa Cruz Valley Union High School District No. 840,"BUDGET OVERRIDE CONTINUATION, NO",,715.0,,,,,,,,,,,,,,,,,,,,,,,
2014.0,2014-11-04,general,Pinal,Board Member Santa Cruz Valley Union,4454.0,0407530.0,Santa Cruz Valley Union High School District (4454),,Santa Cruz Valley Union High School District No. 840,"BUDGET OVERRIDE CONTINUATION, YES",,859.0,,,,,,,,,,,,,,,,,,,,,,,
2024.0,2024-11-05,general,Pinal,Board Member Apache Junction Unified,4443.0,0400790.0,Apache Junction Unified District (4443),,Board Member - Apache Junction Unified School District,Bill KELL,,10551.0,,,,,,,,,,,,,,,,,,,,,,,
2024.0,2024-11-05,general,Pinal,Board Member Apache Junction Unified,4443.0,0400790.0,Apache Junction Unified District (4443),,Board Member - Apache Junction Unified School District,Cami GARCIA,,14578.0,,,,,,,,,,,,,,,,,,,,,,,
2024.0,2024-11-05,general,Pinal,Board Member Apache Junction Unified,4443.0,0400790.0,Apache Junction Unified District (4443),,Board Member - Apache Junction Unified School District,"Gilbert K. ""Gil"" CANCIO",,8642.0,,,,,,,,,,,,,,,,,,,,,,,
2024.0,2024-11-05,general,Pinal,Board Member Apache Junction Unified,4443.0,0400790.0,Apache Junction Unified District (4443),,Board Member - Apache Junction Unified School District,Judy WILLIAMSON,,12213.0,,,,,,,,,,,,,,,,,,,,,,,
2024.0,2024-11-05,general,Pinal,Board Member Apache Junction Unified,4443.0,0400790.0,Apache Junction Unified District (4443),,Board Member - Apache Junction Unified School District,Overvotes,,90.0,,,,,,,,,,,,,,,,,,,,,,,
2024.0,2024-11-05,general,Pinal,Board Member Apache Junction Unified,4443.0,0400790.0,Apache Junction Unified District (4443),,Board Member - Apache Junction Unified School District,Sandra LEEN,,11413.0,,,,,,,,,,,,,,,,,,,,,,,
2024.0,2024-11-05,general,Pinal,Board Member Apache Junction Unified,4443.0,0400790.0,Apache Junction Unified District (4443),,Board Member - Apache Junction Unified School District,Undervotes,,44683.0,,,,,,,,,,,,,,,,,,,,,,,
2024.0,2024-11-05,general,Pinal,Board Member Casa Grande Union,4453.0,0401740.0,Casa Grande Union High School District (4453),,Board Member - Casa Grande Union High School District,Boots HAWKS,,14070.0,,,,,,,,,,,,,,,,,,,,,,,
2024.0,2024-11-05,general,Pinal,Board Member Casa Grande Union,4453.0,0401740.0,Casa Grande Union High School District (4453),,Board Member - Casa Grande Union High School District,Carrie JORDAN,,15737.0,,,,,,,,,,,,,,,,,,,,,,,
2024.0,2024-11-05,general,Pinal,Board Member Casa Grande Union,4453.0,0401740.0,Casa Grande Union High School District (4453),,Board Member - Casa Grande Union High School District,Kelly HERRINGTON,,17585.0,,,,,,,,,,,,,,,,,,,,,,,
2024.0,2024-11-05,general,Pinal,Board Member Casa Grande Union,4453.0,0401740.0,Casa Grande Union High School District (4453),,Board Member - Casa Grande Union High School District,Overvotes,,129.0,,,,,,,,,,,,,,,,,,,,,,,
2024.0,2024-11-05,general,Pinal,Board Member Casa Grande Union,4453.0,0401740.0,Casa Grande Union High School District (4453),,Board Member - Casa Grande Union High School District,Richard WILKIE,,14482.0,,,,,,,,,,,,,,,,,,,,,,,
2024.0,2024-11-05,general,Pinal,Board Member Casa Grande Union,4453.0,0401740.0,Casa Grande Union High School District (4453),,Board Member - Casa Grande Union High School District,Undervotes,,46876.0,,,,,,,,,,,,,,,,,,,,,,,
2024.0,2024-11-05,general,Pinal,Board Member Casa Grande Union,4453.0,0401740.0,Casa Grande Union High School District (4453),,Board Member - Casa Grande Union High School District,Yvonne TSAI,,12405.0,,,,,,,,,,,,,,,,,,,,,,,
2024.0,2024-11-05,general,Pinal,Board Member Maricopa Unified,4441.0,0404720.0,Maricopa Unified School District (4441),,Board Member - Maricopa Unified School District,Ben OWENS,,14263.0,,,,,,,,,,,,,,,,,,,,,,,
2024.0,2024-11-05,general,Pinal,Board Member Maricopa Unified,4441.0,0404720.0,Maricopa Unified School District (4441),,Board Member - Maricopa Unified School District,Carolyn LOPEZ,,16741.0,,,,,,,,,,,,,,,,,,,,,,,
2024.0,2024-11-05,general,Pinal,Board Member Maricopa Unified,4441.0,0404720.0,Maricopa Unified School District (4441),,Board Member - Maricopa Unified School District,Nicolas YENDRZESKI,,11022.0,,,,,,,,,,,,,,,,,,,,,,,
2024.0,2024-11-05,general,Pinal,Board Member Maricopa Unified,4441.0,0404720.0,Maricopa Unified School District (4441),,Board Member - Maricopa Unified School District,Overvotes,,60.0,,,,,,,,,,,,,,,,,,,,,,,
2024.0,2024-11-05,general,Pinal,Board Member Maricopa Unified,4441.0,0404720.0,Maricopa Unified School District (4441),,Board Member - Maricopa Unified School District,Undervotes,,44395.0,,,,,,,,,,,,,,,,,,,,,,,
2024.0,2024-11-05,general,Pinal,Board Member Superior Unified,4440.0,0408230.0,Superior Unified School District (4440),,Board Member - Superior Unified School District,Ericka VASQUEZ,,456.0,,,,,,,,,,,,,,,,,,,,,,,
2024.0,2024-11-05,general,Pinal,Board Member Superior Unified,4440.0,0408230.0,Superior Unified School District (4440),,Board Member - Superior Unified School District,Martin NAVARRETTE,,752.0,,,,,,,,,,,,,,,,,,,,,,,
2024.0,2024-11-05,general,Pinal,Board Member Superior Unified,4440.0,0408230.0,Superior Unified School District (4440),,Board Member - Superior Unified School District,Nick CRUZ,,772.0,,,,,,,,,,,,,,,,,,,,,,,
2024.0,2024-11-05,general,Pinal,Board Member Superior Unified,4440.0,0408230.0,Superior Unified School District (4440),,Board Member - Superior Unified School District,Randi VILLEGAS,,463.0,,,,,,,,,,,,,,,,,,,,,,,
2024.0,2024-11-05,general,Pinal,Board Member Superior Unified,4440.0,0408230.0,Superior Unified School District (4440),,Board Member - Superior Unified School District,Undervotes,,537.0,,,,,,,,,,,,,,,,,,,,,,,
2014.0,2014-11-04,general,Santa Cruz,Bd Member Nogales USD 1,4457.0,0405530.0,Nogales Unified District (4457),,NOGALES UNIFIED SCHOOL DIST. 1 VACANCY (ELECT 1),"LUCERO, GREG",,6164.0,,,,,,,,,,,,,,,,,,,,,,,
2014.0,2014-11-04,general,Santa Cruz,Bd Member Nogales USD 1,4457.0,0405530.0,Nogales Unified District (4457),,NOGALES UNIFIED SCHOOL DIST. 1 VACANCY (ELECT 1),"MENDOZA, BARBARA",,7556.0,,,,,,,,,,,,,,,,,,,,,,,
2014.0,2014-11-04,general,Santa Cruz,Bd Member Santa Cruz Valley USD 35,4458.0,0407520.0,Santa Cruz Valley Unified District (4458),,SANTA CRUZ VALLEY UNIFIED SCHOOL DIST. 35 (ELECT 3),"FAUBION, SUSAN",,6636.0,,,,,,,,,,,,,,,,,,,,,,,
2014.0,2014-11-04,general,Santa Cruz,Bd Member Santa Cruz Valley USD 35,4458.0,0407520.0,Santa Cruz Valley Unified District (4458),,SANTA CRUZ VALLEY UNIFIED SCHOOL DIST. 35 (ELECT 3),"HAYS, JOHN",,6120.0,,,,,,,,,,,,,,,,,,,,,,,
2014.0,2014-11-04,general,Santa Cruz,Bd Member Santa Cruz Valley USD 35,4458.0,0407520.0,Santa Cruz Valley Unified District (4458),,SANTA CRUZ VALLEY UNIFIED SCHOOL DIST. 35 (ELECT 3),"SCHOLNICK, JACK",,3156.0,,,,,,,,,,,,,,,,,,,,,,,
2014.0,2014-11-04,general,Santa Cruz,Bd Member Santa Cruz Valley USD 35,4458.0,0407520.0,Santa Cruz Valley Unified District (4458),,SANTA CRUZ VALLEY UNIFIED SCHOOL DIST. 35 (ELECT 3),"SIMPSON, ROSIE",,8812.0,,,,,,,,,,,,,,,,,,,,,,,
2014.0,2014-11-04,general,Santa Cruz,Bd Member Santa Cruz Valley USD 35,4458.0,0407520.0,Santa Cruz Valley Unified District (4458),,SANTA CRUZ VALLEY UNIFIED SCHOOL DIST. 35 (ELECT 3),"SPARLING, JIM, JR.",,4260.0,,,,,,,,,,,,,,,,,,,,,,,
2014.0,2014-11-04,general,Santa Cruz,Bd Member Sonoita ESD 25,4461.0,0407920.0,Sonoita Elementary District (4461),,SONOITA ELEMENTARY SCHOOL DIST. 25 (ELECT 2),"DRUMMOND, FOSTER",,1536.0,,,,,,,,,,,,,,,,,,,,,,,
2014.0,2014-11-04,general,Santa Cruz,Bd Member Sonoita ESD 25,4461.0,0407920.0,Sonoita Elementary District (4461),,SONOITA ELEMENTARY SCHOOL DIST. 25 (ELECT 2),"LINDSEY, STEVE",,2080.0,,,,,,,,,,,,,,,,,,,,,,,
2014.0,2014-11-04,general,Santa Cruz,Bd Member Sonoita ESD 25,4461.0,0407920.0,Sonoita Elementary District (4461),,SONOITA ELEMENTARY SCHOOL DIST. 25 (ELECT 2),"MCCULLY, SHARON",,1660.0,,,,,,,,,,,,,,,,,,,,,,,
2024.0,2024-11-05,general,Santa Cruz,Bd Member Sonoita ESD 25,4461.0,0407920.0,Sonoita Elementary District (4461),,SCE#28 Board Member,"FISH, DANIEL",,327.0,237.0,89.0,1.0,,,,,,,,,,,,,,,,,,,,
2024.0,2024-11-05,general,Santa Cruz,Bd Member Sonoita ESD 25,4461.0,0407920.0,Sonoita Elementary District (4461),,SCE#28 Board Member,"GONZALES, DEBBIE",,459.0,320.0,138.0,1.0,,,,,,,,,,,,,,,,,,,,
2024.0,2024-11-05,general,Santa Cruz,Bd Member Sonoita ESD 25,4461.0,0407920.0,Sonoita Elementary District (4461),,SCE#28 Board Member,"POTTINGER, CARRIE A.",,366.0,270.0,96.0,,,,,,,,,,,,,,,,,,,,,
2024.0,2024-11-05,general,Santa Cruz,Bd Member Sonoita ESD 25,4461.0,0407920.0,Sonoita Elementary District (4461),,SCE#28 Board Member,"WEMLINGER, JOHN",,228.0,175.0,51.0,2.0,,,,,,,,,,,,,,,,,,,,
2024.0,2024-11-05,general,Santa Cruz,Bd Member Santa Cruz Valley USD 35,4458.0,0407520.0,Santa Cruz Valley Unified District (4458),,SCV#35 Board Member,"BEACH, BRAD",,3451.0,2800.0,637.0,14.0,,,,,,,,,,,,,,,,,,,,
2024.0,2024-11-05,general,Santa Cruz,Bd Member Santa Cruz Valley USD 35,4458.0,0407520.0,Santa Cruz Valley Unified District (4458),,SCV#35 Board Member,"COOK, DOUGLAS",,1518.0,1105.0,404.0,9.0,,,,,,,,,,,,,,,,,,,,
2024.0,2024-11-05,general,Santa Cruz,Bd Member Santa Cruz Valley USD 35,4458.0,0407520.0,Santa Cruz Valley Unified District (4458),,SCV#35 Board Member,"FREDERICK, LARRY",,2041.0,1637.0,396.0,8.0,,,,,,,,,,,,,,,,,,,,
2024.0,2024-11-05,general,Santa Cruz,Bd Member Santa Cruz Valley USD 35,4458.0,0407520.0,Santa Cruz Valley Unified District (4458),,SCV#35 Board Member,"GUERRERO, BEN",,3299.0,2453.0,821.0,25.0,,,,,,,,,,,,,,,,,,,,
2024.0,2024-11-05,general,Santa Cruz,Bd Member Santa Cruz Valley USD 35,4458.0,0407520.0,Santa Cruz Valley Unified District (4458),,SCV#35 Board Member,"KRAMER, JOEL",,2812.0,2193.0,602.0,17.0,,,,,,,,,,,,,,,,,,,,
2014.0,2014-11-04,general,Yuma,Board Member - Gadsden Elementary,4505.0,0403240.0,Gadsden Elementary District (4505),,GADSDEN ELEMENTARY SCHOOL DIST. 32 (ELECT 3),"FUENTES, GUILLERMINA",,2864.0,,,,,,,,,,,,,,,,,,,,,,,
2014.0,2014-11-04,general,Yuma,Board Member - Gadsden Elementary,4505.0,0403240.0,Gadsden Elementary District (4505),,GADSDEN ELEMENTARY SCHOOL DIST. 32 (ELECT 3),"JAIME, ABELINA",,1682.0,,,,,,,,,,,,,,,,,,,,,,,
2014.0,2014-11-04,general,Yuma,Board Member - Gadsden Elementary,4505.0,0403240.0,Gadsden Elementary District (4505),,GADSDEN ELEMENTARY SCHOOL DIST. 32 (ELECT 3),"JENKINS, OLIVIA",,2556.0,,,,,,,,,,,,,,,,,,,,,,,
2014.0,2014-11-04,general,Yuma,Board Member - Gadsden Elementary,4505.0,0403240.0,Gadsden Elementary District (4505),,GADSDEN ELEMENTARY SCHOOL DIST. 32 (ELECT 3),"MARQUEZ, LUIS \CUATE""",,2820.0,,,,,,,,,,,,,,,,,,,,,,,
2014.0,2014-11-04,general,Yuma,Board Member - Gadsden Elementary,4505.0,0403240.0,Gadsden Elementary District (4505),,GADSDEN ELEMENTARY SCHOOL DIST. 32 (ELECT 3),"TORRES, GLORIA",,2700.0,,,,,,,,,,,,,,,,,,,,,,,
2014.0,2014-11-04,general,Yuma,Board Member - Somerton Elementary,4500.0,0407890.0,Somerton Elementary District (4500),,SOMERTON ELEMENTARY SCHOOL DIST. 11 (ELECT 2),"GONZALEZ, CARLOS M.",,1358.0,,,,,,,,,,,,,,,,,,,,,,,
2014.0,2014-11-04,general,Yuma,Board Member - Somerton Elementary,4500.0,0407890.0,Somerton Elementary District (4500),,SOMERTON ELEMENTARY SCHOOL DIST. 11 (ELECT 2),"JUAREZ, ARACELI",,1216.0,,,,,,,,,,,,,,,,,,,,,,,
2014.0,2014-11-04,general,Yuma,Board Member - Somerton Elementary,4500.0,0407890.0,Somerton Elementary District (4500),,SOMERTON ELEMENTARY SCHOOL DIST. 11 (ELECT 2),"LUPERCIO, RICHARD",,796.0,,,,,,,,,,,,,,,,,,,,,,,
2014.0,2014-11-04,general,Yuma,Board Member - Somerton Elementary,4500.0,0407890.0,Somerton Elementary District (4500),,SOMERTON ELEMENTARY SCHOOL DIST. 11 (ELECT 2),"SOTO, FERN",,684.0,,,,,,,,,,,,,,,,,,,,,,,
2014.0,2014-11-04,general,Yuma,Board Member - Somerton Elementary,4500.0,0407890.0,Somerton Elementary District (4500),,SOMERTON ELEMENTARY SCHOOL DIST. 11 VACANCY (ELECT 1),"RODRIGUEZ, ESPERANZA",,1028.0,,,,,,,,,,,,,,,,,,,,,,,
2014.0,2014-11-04,general,Yuma,Board Member - Somerton Elementary,4500.0,0407890.0,Somerton Elementary District (4500),,SOMERTON ELEMENTARY SCHOOL DIST. 11 VACANCY (ELECT 1),"ZENDEJAS, LORENA \NE""",,1142.0,,,,,,,,,,,,,,,,,,,,,,,
2014.0,2014-11-04,general,Yuma,Board Member Yuma Elementary,4499.0,0409600.0,Yuma Elementary District (4499),,YUMA ELEMENTARY SCHOOL DIST. 1 (ELECT 2),"FOOTE, BARBARA",,11854.0,,,,,,,,,,,,,,,,,,,,,,,
2014.0,2014-11-04,general,Yuma,Board Member Yuma Elementary,4499.0,0409600.0,Yuma Elementary District (4499),,YUMA ELEMENTARY SCHOOL DIST. 1 (ELECT 2),"GRIFFIN, KAREN",,14250.0,,,,,,,,,,,,,,,,,,,,,,,
2014.0,2014-11-04,general,Yuma,Board Member Yuma Elementary,4499.0,0409600.0,Yuma Elementary District (4499),,YUMA ELEMENTARY SCHOOL DIST. 1 (ELECT 2),"KOENIG, KARL",,10702.0,,,,,,,,,,,,,,,,,,,,,,,
2014.0,2014-11-04,general,Yuma,Board Member Yuma Elementary,4499.0,0409600.0,Yuma Elementary District (4499),,YUMA ELEMENTARY SCHOOL DIST. 1 (ELECT 2),"RICHARDS, TITO",,4194.0,,,,,,,,,,,,,,,,,,,,,,,
2014.0,2014-11-04,general,Yuma,Board Member - Yuma Union,4507.0,0409630.0,Yuma Union High School District (4507),,YUMA UNION HIGH SCHOOL DIST. 70 (ELECT 2),"BROOKS, TERESA \TERI""",,26312.0,,,,,,,,,,,,,,,,,,,,,,,
2014.0,2014-11-04,general,Yuma,Board Member - Yuma Union,4507.0,0409630.0,Yuma Union High School District (4507),,YUMA UNION HIGH SCHOOL DIST. 70 (ELECT 2),"TOWNSEND, PHILLIP",,24344.0,,,,,,,,,,,,,,,,,,,,,,,
2014.0,2014-11-04,general,Yuma,Board Member - Yuma Union,4507.0,0409630.0,Yuma Union High School District (4507),,YUMA UNION HIGH SCHOOL DIST. 70 (ELECT 2),"ZEPEDA, ZYNIA",,16094.0,,,,,,,,,,,,,,,,,,,,,,,
2018.0,2018-11-06,general,Yuma,Board Member - Yuma Union,4507.0,0409630.0,Yuma Union High School District (4507),,Board Member Yuma Union High SD 70,"KRAVITZ, JACKIE",NON,18289.0,12305.0,3655.0,184.0,,,,,,,,,,,,,,,,,,,,
2018.0,2018-11-06,general,Yuma,Board Member - Yuma Union,4507.0,0409630.0,Yuma Union High School District (4507),,Board Member Yuma Union High SD 70,"QUIROZ, FERNANDO ""FERNIE""",NON,17634.0,9916.0,4307.0,265.0,,,,,,,,,,,,,,,,,,,,
2018.0,2018-11-06,general,Yuma,Board Member - Yuma Union,4507.0,0409630.0,Yuma Union High School District (4507),,Board Member Yuma Union High SD 70,"TOWNSEND, PHILLIP",NON,19363.0,13421.0,3738.0,190.0,,,,,,,,,,,,,,,,,,,,
2024.0,2024-11-05,general,Yuma,Board Member - Somerton Elementary,4500.0,0407890.0,Somerton Elementary District (4500),,Board Member Somerton Elem. SD 11,"CASTILLO, JUAN F. ",,2818.0,2198.0,569.0,51.0,,,,,,,,,,,,,,,,,,,,
2024.0,2024-11-05,general,Yuma,Board Member - Somerton Elementary,4500.0,0407890.0,Somerton Elementary District (4500),,Board Member Somerton Elem. SD 11,"CLARK, CRISTINA ",,2552.0,1986.0,523.0,43.0,,,,,,,,,,,,,,,,,,,,
2024.0,2024-11-05,general,Yuma,Board Member - Somerton Elementary,4500.0,0407890.0,Somerton Elementary District (4500),,Board Member Somerton Elem. SD 11,"DELGADILLO, LORENA (NENA) ",,2721.0,2134.0,546.0,41.0,,,,,,,,,,,,,,,,,,,,
2024.0,2024-11-05,general,Yuma,Board Member - Somerton Elementary,4500.0,0407890.0,Somerton Elementary District (4500),,Board Member Somerton Elem. SD 11,"MERINO, ELIZABETH B. ",,2197.0,1727.0,435.0,35.0,,,,,,,,,,,,,,,,,,,,
2024.0,2024-11-05,general,Yuma,Board Member - Somerton Elementary,4500.0,0407890.0,Somerton Elementary District (4500),,Board Member Somerton Elem. SD 11,Not Assigned,,59.0,42.0,17.0,,,,,,,,,,,,,,,,,,,,,
2024.0,2024-11-05,general,Yuma,Board Member - Yuma Union,4507.0,0409630.0,Yuma Union High School District (4507),,Board Member Yuma Union High SD 70,David LARA,REP,23930.0,20019.0,3674.0,237.0,,,,,,,,,,,,,,,,,,,,
2024.0,2024-11-05,general,Yuma,Board Member - Yuma Union,4507.0,0409630.0,Yuma Union High School District (4507),,Board Member Yuma Union High SD 70,"GONZALEZ, CARLOS ""COACH"" ",,21437.0,17896.0,3310.0,231.0,,,,,,,,,,,,,,,,,,,,
2024.0,2024-11-05,general,Yuma,Board Member - Yuma Union,4507.0,0409630.0,Yuma Union High School District (4507),,Board Member Yuma Union High SD 70,"JONES MELLON, SHELLEY ",,15945.0,14026.0,1805.0,114.0,,,,,,,,,,,,,,,,,,,,
2024.0,2024-11-05,general,Yuma,Board Member - Yuma Union,4507.0,0409630.0,Yuma Union High School District (4507),,Board Member Yuma Union High SD 70,"LARSON, CHRIS ",,14473.0,12235.0,2121.0,117.0,,,,,,,,,,,,,,,,,,,,
2024.0,2024-11-05,general,Yuma,Board Member - Yuma Union,4507.0,0409630.0,Yuma Union High School District (4507),,Board Member Yuma Union High SD 70,"LEGROS, VIRGINIA ""GINNY"" ",,13189.0,11397.0,1700.0,92.0,,,,,,,,,,,,,,,,,,,,
2024.0,2024-11-05,general,Yuma,Board Member - Yuma Union,4507.0,0409630.0,Yuma Union High School District (4507),,Board Member Yuma Union High SD 70,"MARTIN, BRIAN ",,15142.0,12489.0,2488.0,165.0,,,,,,,,,,,,,,,,,,,,
2024.0,2024-11-05,general,Yuma,Board Member - Yuma Union,4507.0,0409630.0,Yuma Union High School District (4507),,Board Member Yuma Union High SD 70,Not Assigned,,528.0,421.0,104.0,3.0,,,,,,,,,,,,,,,,,,,,
2024.0,2024-11-05,general,Yuma,Board Member - Yuma Union,4507.0,0409630.0,Yuma Union High School District (4507),,Board Member Yuma Union High SD 70,"SERVIN, LIZETH ",,12455.0,10694.0,1655.0,106.0,,,,,,,,,,,,,,,,,,,,
2024.0,2024-11-05,general,Yuma,Board Member - Yuma Union,4507.0,0409630.0,Yuma Union High School District (4507),,Board Member Yuma Union High SD 70,"THOMAS, EDWARD C. ",,14956.0,12519.0,2300.0,137.0,,,,,,,,,,,,,,,,,,,,
