STATE OF ARIZONA REGISTRATION REPORT,,,,,,,,,,,,,,,,,,,,
,,,,,,,,,,,,,,,,,,,,
"2026 January Voter Registration - January 02, 2026",,,,,,,,,,,,,,,,,,,,
Compiled and Issued by the Arizona Secretary of State,,,,,,,,,,,,,,,,,,,,
Active,,,,,,,,,,,,,,,,,,,,
County,Precincts,,Date/Period,,,Democratic,,,Green,Libertarian,No Labels,,Arizona ,,Republican,,Other,,,Total
,,,,,,,,,,,,,,,,,,,,
Apache,44,,Jul-25,,,"27,009",,,49,225,299,,*,,"12,175",,"14,142",,,"53,899"
,44,,Oct-25,,,"26,930",,,50,224,321,,*,,"12,128",,"14,172",,,"53,825"
,44,,Jan-26,,,"26,868",,,51,240,*,,367,,"12,298",,"14,350",,,"54,174"
,,,,,,,,,,,,,,,,,,,,
Cochise,55,,Jul-25,,,"18,873",,,93,676,755,,*,,"33,442",,"28,924",,,"82,763"
,55,,Oct-25,,,"18,896",,,97,683,806,,*,,"33,689",,"29,338",,,"83,509"
,55,,Jan-26,,,"18,255",,,91,668,*,,828,,"32,848",,"28,543",,,"81,233"
,,,,,,,,,,,,,,,,,,,,
Coconino,75,,Jul-25,,,"35,666",,,217,772,862,,*,,"24,479",,"30,569",,,"92,565"
,75,,Oct-25,,,"34,334",,,213,755,857,,*,,"23,694",,"29,385",,,"89,238"
,56,,Jan-26,,,"33,434",,,210,750,*,,904,,"23,413",,"28,953",,,"87,664"
,,,,,,,,,,,,,,,,,,,,
Gila,39,,Jul-25,,,"7,918",,,33,221,241,,*,,"17,325",,"9,590",,,"35,328"
,39,,Oct-25,,,"7,844",,,34,228,274,,*,,"17,416",,"9,687",,,"35,483"
,39,,Jan-26,,,"7,721",,,35,235,*,,286,,"17,158",,"9,582",,,"35,017"
,,,,,,,,,,,,,,,,,,,,
Graham,23,,Jul-25,,,"4,420",,,15,135,146,,*,,"11,027",,"5,495",,,"21,238"
,23,,Oct-25,,,"4,388",,,16,134,167,,*,,"11,090",,"5,564",,,"21,359"
,23,,Jan-26,,,"4,360",,,18,131,*,,181,,"11,090",,"5,626",,,"21,406"
,,,,,,,,,,,,,,,,,,,,
Greenlee,6,,Jul-25,,,"1,241",,,3,45,52,,*,,"1,939",,"1,510",,,"4,790"
,6,,Oct-25,,,"1,224",,,3,47,57,,*,,"1,941",,"1,517",,,"4,789"
,6,,Jan-26,,,"1,205",,,3,46,*,,61,,"1,941",,"1,524",,,"4,780"
,,,,,,,,,,,,,,,,,,,,
La Paz,11,,Jul-25,,,"2,064",,,11,78,155,,*,,"5,896",,"4,311",,,"12,515"
,11,,Oct-25,,,"2,055",,,10,77,161,,*,,"5,916",,"4,316",,,"12,535"
,11,,Jan-26,,,"2,014",,,10,75,*,,165,,"5,886",,"4,278",,,"12,428"
,,,,,,,,,,,,,,,,,,,,
Maricopa,906,,Jul-25,,,"744,709",,,"2,888","19,484","25,595",,*,,"938,251",,"927,020",,,"2,657,947"
,906,,Oct-25,,,"744,804",,,"2,997","19,542","27,123",,*,,"940,727",,"941,482",,,"2,676,675"
,956,,Jan-26,,,"706,649",,,"2,873","18,298",*,,"25,874",,"896,064",,"888,733",,,"2,538,491"
,,,,,,,,,,,,,,,,,,,,
Mohave,24,,Jul-25,,,"18,671",,,108,951,"1,092",,*,,"85,385",,"45,960",,,"152,167"
,24,,Oct-25,,,"18,046",,,108,928,"1,153",,*,,"83,732",,"44,598",,,"148,565"
,24,,Jan-26,,,"17,974",,,105,955,*,,"1,221",,"84,400",,"45,092",,,"149,747"
,,,,,,,,,,,,,,,,,,,,
Navajo,21,,Jul-25,,,"23,051",,,35,406,591,,*,,"28,340",,"19,727",,,"72,150"
,21,,Oct-25,,,"22,940",,,40,410,649,,*,,"28,409",,"19,873",,,"72,321"
,21,,Jan-26,,,"22,868",,,41,415,*,,706,,"28,505",,"20,016",,,"72,551"
,,,,,,,,,,,,,,,,,,,,
Pima,265,,Jul-25,,,"247,056",,,"1,163","4,669","5,059",,*,,"191,521",,"229,168",,,"678,636"
,265,,Oct-25,,,"247,221",,,"1,179","4,680","5,442",,*,,"191,977",,"232,069",,,"682,568"
,265,,Jan-26,,,"238,696",,,"1,147","4,538",*,,"5,478",,"187,466",,"225,241",,,"662,566"
,,,,,,,,,,,,,,,,,,,,
Pinal,109,,Jul-25,,,"64,152",,,246,"2,124","2,694",,*,,"112,339",,"101,796",,,"283,351"
,109,,Oct-25,,,"66,269",,,265,"2,182","2,897",,*,,"116,852",,"105,927",,,"294,392"
,136,,Jan-26,,,"65,064",,,264,"2,126",*,,"2,908",,"114,540",,"103,832",,,"288,734"
,,,,,,,,,,,,,,,,,,,,
Santa Cruz,24,,Jul-25,,,"13,622",,,16,149,176,,*,,"6,103",,"11,973",,,"32,039"
,24,,Oct-25,,,"13,560",,,16,146,175,,*,,"6,057",,"12,083",,,"32,037"
,24,,Jan-26,,,"13,730",,,17,155,*,,198,,"6,126",,"12,487",,,"32,713"
,,,,,,,,,,,,,,,,,,,,
Yavapai,57,,Jul-25,,,"32,129",,,106,"1,371","1,334",,*,,"92,828",,"51,542",,,"179,310"
,57,,Oct-25,,,"31,792",,,119,"1,385","1,419",,*,,"92,798",,"51,731",,,"179,244"
,57,,Jan-26,,,"31,315",,,122,"1,410",*,,"1,490",,"92,304",,"51,652",,,"178,293"
,,,,,,,,,,,,,,,,,,,,
Yuma,47,,Jul-25,,,"29,726",,,62,599,753,,*,,"36,655",,"44,128",,,"111,923"
,47,,Oct-25,,,"29,583",,,65,605,776,,*,,"36,715",,"44,711",,,"112,455"
,47,,Jan-26,,,"29,463",,,71,606,*,,817,,"36,527",,"44,718",,,"112,202"
,,,,,,,,,,,,,,,,,,,,
Totals:,"1,706",,Jul-25,,,"1,270,307",,,"5,045","31,905","39,804",,*,,"1,597,705",,"1,525,855",,,"4,470,621"
,"1,706",,Oct-25,,,"1,269,886",,,"5,212","32,026","42,277",,*,,"1,603,141",,"1,546,453",,,"4,498,995"
,"1,764",,Jan-26,,,"1,219,616",,,"5,058","30,648",*,,"41,484",,"1,550,566",,"1,484,627",,,"4,331,999"
,,,,,,,,,,,,,,,,,,,,
Percentages:,,,Jul-25,,,28.41,,,0.11,0.71,0.89,,*,,35.74,,34.13,,,
,,,Oct-25,,,28.23,,,0.12,0.71,0.94,,*,,35.63,,34.37,,,
,,,Jan-26,,,28.15,,,0.12,0.71,*,,0.96,,35.79,,34.27,,,
,,,,,,,,,,,,,,,,,,,,
Active,,,,,,,,,,,,,,,,,,,,
District,,,,Precincts,Democratic,,,Green,,Libertarian,,Arizona ,,Republican,,Other,,Total,,
,,,,,,,,,,,,,,,,,,,,
Congressional District 1,,,,,,,,,,,,,,,,,,,,
Maricopa,,,,210,"135,963",,,518,,"3,624",,"4,062",,"196,411",,"169,009",,"509,587",,
Total:,,,,210,"135,963",,,518,,"3,624",,"4,062",,"196,411",,"169,009",,"509,587",,
,,,,,,,,,,,,,,,,,,,,
Congressional District 2,,,,,,,,,,,,,,,,,,,,
Apache,,,,44,"26,868",,,51,,240,,367,,"12,298",,"14,350",,"54,174",,
Coconino,,,,56,"33,434",,,210,,750,,904,,"23,413",,"28,953",,"87,664",,
Gila,,,,39,"7,721",,,35,,235,,286,,"17,158",,"9,582",,"35,017",,
Graham,,,,2,"1,294",,,0,,5,,34,,201,,684,,"2,218",,
Maricopa,,,,6,571,,,0,,6,,28,,88,,653,,"1,346",,
Mohave,,,,2,242,,,1,,5,,2,,116,,372,,738,,
Navajo,,,,21,"22,868",,,41,,415,,706,,"28,505",,"20,016",,"72,551",,
Pinal,,,,59,"29,715",,,119,,902,,"1,340",,"43,989",,"45,006",,"121,071",,
Yavapai,,,,57,"31,315",,,122,,"1,410",,"1,490",,"92,304",,"51,652",,"178,293",,
Total:,,,,286,"154,028",,,579,,"3,968",,"5,157",,"218,072",,"171,268",,"553,072",,
,,,,,,,,,,,,,,,,,,,,
Congressional District 3,,,,,,,,,,,,,,,,,,,,
Maricopa,,,,135,"140,349",,,463,,"2,041",,"4,225",,"50,001",,"131,347",,"328,426",,
Total:,,,,135,"140,349",,,463,,"2,041",,"4,225",,"50,001",,"131,347",,"328,426",,
,,,,,,,,,,,,,,,,,,,,
Congressional District 4,,,,,,,,,,,,,,,,,,,,
Maricopa,,,,151,"125,279",,,637,,"3,490",,"4,383",,"136,434",,"149,479",,"419,702",,
Total:,,,,151,"125,279",,,637,,"3,490",,"4,383",,"136,434",,"149,479",,"419,702",,
,,,,,,,,,,,,,,,,,,,,
Congressional District 5,,,,,,,,,,,,,,,,,,,,
Maricopa,,,,127,"93,491",,,392,,"3,113",,"3,560",,"181,174",,"144,074",,"425,804",,
Pinal,,,,46,"20,360",,,104,,878,,985,,"49,384",,"38,568",,"110,279",,
Total:,,,,173,"113,851",,,496,,"3,991",,"4,545",,"230,558",,"182,642",,"536,083",,
,,,,,,,,,,,,,,,,,,,,
Congressional District 6,,,,,,,,,,,,,,,,,,,,
Cochise,,,,43,"11,372",,,65,,566,,659,,"29,178",,"21,823",,"63,663",,
Graham,,,,21,"3,066",,,18,,126,,147,,"10,889",,"4,942",,"19,188",,
Greenlee,,,,6,"1,205",,,3,,46,,61,,"1,941",,"1,524",,"4,780",,
Pima,,,,151,"132,852",,,588,,"2,872",,"3,188",,"135,186",,"134,445",,"409,131",,
Pinal,,,,27,"14,142",,,39,,317,,535,,"19,652",,"18,758",,"53,443",,
Total:,,,,248,"162,637",,,713,,"3,927",,"4,590",,"196,846",,"181,492",,"550,205",,
,,,,,,,,,,,,,,,,,,,,
Congressional District 7,,,,,,,,,,,,,,,,,,,,
Cochise,,,,12,"6,883",,,26,,102,,169,,"3,670",,"6,720",,"17,570",,
Maricopa,,,,24,"20,791",,,72,,391,,909,,"12,310",,"23,308",,"57,781",,
Pima,,,,114,"105,844",,,559,,"1,666",,"2,290",,"52,280",,"90,796",,"253,435",,
Pinal,,,,4,847,,,2,,29,,48,,"1,515",,"1,500",,"3,941",,
Santa Cruz,,,,24,"13,730",,,17,,155,,198,,"6,126",,"12,487",,"32,713",,
Yuma,,,,27,"19,885",,,44,,263,,414,,"12,748",,"25,926",,"59,280",,
Total:,,,,205,"167,980",,,720,,"2,606",,"4,028",,"88,649",,"160,737",,"424,720",,
,,,,,,,,,,,,,,,,,,,,
Congressional District 8,,,,,,,,,,,,,,,,,,,,
Maricopa,,,,186,"113,110",,,462,,"3,289",,"4,418",,"194,843",,"153,780",,"469,902",,
Total:,,,,186,"113,110",,,462,,"3,289",,"4,418",,"194,843",,"153,780",,"469,902",,
,,,,,,,,,,,,,,,,,,,,
Congressional District 9,,,,,,,,,,,,,,,,,,,,
La Paz,,,,11,"2,014",,,10,,75,,165,,"5,886",,"4,278",,"12,428",,
Maricopa,,,,117,"77,095",,,329,,"2,344",,"4,289",,"124,803",,"117,083",,"325,943",,
Mohave,,,,22,"17,732",,,104,,950,,"1,219",,"84,284",,"44,720",,"149,009",,
Yuma,,,,20,"9,578",,,27,,343,,403,,"23,779",,"18,792",,"52,922",,
Total:,,,,170,"106,419",,,470,,"3,712",,"6,076",,"238,752",,"184,873",,"540,302",,
,,,,,,,,,,,,,,,,,,,,
Legislative District 1,,,,,,,,,,,,,,,,,,,,
Coconino,,,,1,638,,,1,,12,,9,,574,,626,,"1,860",,
Yavapai,,,,54,"31,132",,,122,,"1,401",,"1,483",,"91,168",,"51,242",,"176,548",,
Total:,,,,55,"31,770",,,123,,"1,413",,"1,492",,"91,742",,"51,868",,"178,408",,
,,,,,,,,,,,,,,,,,,,,
Legislative District 2,,,,,,,,,,,,,,,,,,,,
Maricopa,,,,48,"34,674",,,170,,"1,171",,"1,352",,"46,576",,"46,215",,"130,158",,
Total:,,,,48,"34,674",,,170,,"1,171",,"1,352",,"46,576",,"46,215",,"130,158",,
,,,,,,,,,,,,,,,,,,,,
Legislative District 3,,,,,,,,,,,,,,,,,,,,
Maricopa,,,,61,"34,241",,,111,,"1,088",,"1,109",,"87,633",,"55,842",,"180,024",,
Total:,,,,61,"34,241",,,111,,"1,088",,"1,109",,"87,633",,"55,842",,"180,024",,
,,,,,,,,,,,,,,,,,,,,
Legislative District 4,,,,,,,,,,,,,,,,,,,,
Maricopa,,,,70,"44,183",,,138,,"1,180",,"1,334",,"67,008",,"55,289",,"169,132",,
Total:,,,,70,"44,183",,,138,,"1,180",,"1,334",,"67,008",,"55,289",,"169,132",,
,,,,,,,,,,,,,,,,,,,,
Legislative District 5,,,,,,,,,,,,,,,,,,,,
Maricopa,,,,58,"52,022",,,243,,975,,"1,298",,"27,088",,"43,517",,"125,143",,
Total:,,,,58,"52,022",,,243,,975,,"1,298",,"27,088",,"43,517",,"125,143",,
,,,,,,,,,,,,,,,,,,,,
Legislative District 6,,,,,,,,,,,,,,,,,,,,
Apache,,,,44,"26,868",,,51,,240,,367,,"12,298",,"14,350",,"54,174",,
Coconino,,,,37,"23,288",,,134,,453,,554,,"13,632",,"18,179",,"56,240",,
Gila,,,,3,"2,071",,,2,,9,,29,,288,,"1,154",,"3,553",,
Graham,,,,2,"1,294",,,0,,5,,34,,201,,684,,"2,218",,
Mohave,,,,2,242,,,1,,5,,2,,116,,372,,738,,
Navajo,,,,11,"18,369",,,23,,132,,340,,"5,213",,"10,223",,"34,300",,
Pinal,,,,1,0,,,0,,0,,0,,0,,0,,0,,
Total:,,,,100,"72,132",,,211,,844,,"1,326",,"31,748",,"44,962",,"151,223",,
,,,,,,,,,,,,,,,,,,,,
Legislative District 7,,,,,,,,,,,,,,,,,,,,
Coconino,,,,18,"9,508",,,75,,285,,341,,"9,207",,"10,148",,"29,564",,
Gila,,,,36,"5,650",,,33,,226,,257,,"16,870",,"8,428",,"31,464",,
Navajo,,,,10,"4,499",,,18,,283,,366,,"23,292",,"9,793",,"38,251",,
Pinal,,,,33,"12,928",,,45,,465,,464,,"27,351",,"20,253",,"61,506",,
Total:,,,,97,"32,585",,,171,,"1,259",,"1,428",,"76,720",,"48,622",,"160,785",,
,,,,,,,,,,,,,,,,,,,,
Legislative District 8,,,,,,,,,,,,,,,,,,,,
Maricopa,,,,58,"38,617",,,259,,"1,040",,"1,369",,"29,677",,"43,128",,"114,090",,
Total:,,,,58,"38,617",,,259,,"1,040",,"1,369",,"29,677",,"43,128",,"114,090",,
,,,,,,,,,,,,,,,,,,,,
Legislative District 9,,,,,,,,,,,,,,,,,,,,
Maricopa,,,,40,"31,948",,,174,,968,,"1,270",,"35,415",,"40,704",,"110,479",,
Total:,,,,40,"31,948",,,174,,968,,"1,270",,"35,415",,"40,704",,"110,479",,
,,,,,,,,,,,,,,,,,,,,
Legislative District 10,,,,,,,,,,,,,,,,,,,,
Maricopa,,,,45,"29,764",,,123,,"1,032",,"1,160",,"60,263",,"44,795",,"137,137",,
Pinal,,,,3,"1,283",,,4,,49,,71,,"2,912",,"2,458",,"6,777",,
Total:,,,,48,"31,047",,,127,,"1,081",,"1,231",,"63,175",,"47,253",,"143,914",,
,,,,,,,,,,,,,,,,,,,,
Legislative District 11,,,,,,,,,,,,,,,,,,,,
Maricopa,,,,44,"50,496",,,154,,706,,"1,612",,"17,859",,"45,463",,"116,290",,
Total:,,,,44,"50,496",,,154,,706,,"1,612",,"17,859",,"45,463",,"116,290",,
,,,,,,,,,,,,,,,,,,,,
Legislative District 12,,,,,,,,,,,,,,,,,,,,
Maricopa,,,,50,"47,783",,,201,,"1,151",,"1,416",,"44,510",,"52,024",,"147,085",,
Total:,,,,50,"47,783",,,201,,"1,151",,"1,416",,"44,510",,"52,024",,"147,085",,
,,,,,,,,,,,,,,,,,,,,
Legislative District 13,,,,,,,,,,,,,,,,,,,,
Maricopa,,,,45,"38,709",,,165,,973,,"1,231",,"52,111",,"51,486",,"144,675",,
Total:,,,,45,"38,709",,,165,,973,,"1,231",,"52,111",,"51,486",,"144,675",,
,,,,,,,,,,,,,,,,,,,,
Legislative District 14,,,,,,,,,,,,,,,,,,,,
Maricopa,,,,46,"33,475",,,140,,"1,193",,"1,301",,"67,036",,"52,473",,"155,618",,
Total:,,,,46,"33,475",,,140,,"1,193",,"1,301",,"67,036",,"52,473",,"155,618",,
,,,,,,,,,,,,,,,,,,,,
Legislative District 15,,,,,,,,,,,,,,,,,,,,
Maricopa,,,,31,"18,890",,,88,,772,,879,,"47,903",,"33,300",,"101,832",,
Pinal,,,,32,"14,241",,,79,,637,,708,,"34,735",,"27,376",,"77,776",,
Total:,,,,63,"33,131",,,167,,"1,409",,"1,587",,"82,638",,"60,676",,"179,608",,
,,,,,,,,,,,,,,,,,,,,
Legislative District 16,,,,,,,,,,,,,,,,,,,,
Maricopa,,,,5,563,,,0,,6,,25,,84,,637,,"1,315",,
Pima,,,,14,"8,755",,,29,,190,,174,,"8,195",,"7,993",,"25,336",,
Pinal,,,,61,"33,192",,,129,,916,,"1,611",,"43,669",,"49,669",,"129,186",,
Total:,,,,80,"42,510",,,158,,"1,112",,"1,810",,"51,948",,"58,299",,"155,837",,
,,,,,,,,,,,,,,,,,,,,
Legislative District 17,,,,,,,,,,,,,,,,,,,,
Pima,,,,61,"49,705",,,193,,"1,287",,"1,304",,"66,546",,"58,597",,"177,632",,
Pinal,,,,5,"3,290",,,6,,59,,53,,"5,865",,"3,998",,"13,271",,
Total:,,,,66,"52,995",,,199,,"1,346",,"1,357",,"72,411",,"62,595",,"190,903",,
,,,,,,,,,,,,,,,,,,,,
Legislative District 18,,,,,,,,,,,,,,,,,,,,
Pima,,,,64,"61,856",,,332,,"1,141",,"1,314",,"43,494",,"52,208",,"160,345",,
Total:,,,,64,"61,856",,,332,,"1,141",,"1,314",,"43,494",,"52,208",,"160,345",,
,,,,,,,,,,,,,,,,,,,,
Legislative District 19,,,,,,,,,,,,,,,,,,,,
Cochise,,,,48,"15,780",,,75,,611,,765,,"31,057",,"26,253",,"74,541",,
Graham,,,,21,"3,066",,,18,,126,,147,,"10,889",,"4,942",,"19,188",,
Greenlee,,,,6,"1,205",,,3,,46,,61,,"1,941",,"1,524",,"4,780",,
Pima,,,,16,"14,449",,,36,,324,,329,,"21,590",,"16,866",,"53,594",,
Santa Cruz,,,,3,773,,,5,,26,,11,,959,,789,,"2,563",,
Total:,,,,94,"35,273",,,137,,"1,133",,"1,313",,"66,436",,"50,374",,"154,666",,
,,,,,,,,,,,,,,,,,,,,
Legislative District 20,,,,,,,,,,,,,,,,,,,,
Pima,,,,54,"56,015",,,320,,728,,"1,104",,"18,971",,"43,248",,"120,386",,
Total:,,,,54,"56,015",,,320,,728,,"1,104",,"18,971",,"43,248",,"120,386",,
,,,,,,,,,,,,,,,,,,,,
Legislative District 21,,,,,,,,,,,,,,,,,,,,
Cochise,,,,7,"2,475",,,16,,57,,63,,"1,791",,"2,290",,"6,692",,
Pima,,,,38,"37,557",,,206,,708,,"1,002",,"23,520",,"37,169",,"100,162",,
Santa Cruz,,,,21,"12,957",,,12,,129,,187,,"5,167",,"11,698",,"30,150",,
Total:,,,,66,"52,989",,,234,,894,,"1,252",,"30,478",,"51,157",,"137,004",,
,,,,,,,,,,,,,,,,,,,,
Legislative District 22,,,,,,,,,,,,,,,,,,,,
Maricopa,,,,41,"42,356",,,141,,702,,"1,768",,"22,123",,"47,187",,"114,277",,
Total:,,,,41,"42,356",,,141,,702,,"1,768",,"22,123",,"47,187",,"114,277",,
,,,,,,,,,,,,,,,,,,,,
Legislative District 23,,,,,,,,,,,,,,,,,,,,
Maricopa,,,,22,"12,329",,,50,,320,,629,,"15,663",,"17,632",,"46,623",,
Pima,,,,18,"10,359",,,31,,160,,251,,"5,150",,"9,160",,"25,111",,
Pinal,,,,1,130,,,1,,0,,1,,8,,78,,218,,
Yuma,,,,26,"19,501",,,44,,257,,402,,"12,403",,"25,417",,"58,024",,
Total:,,,,67,"42,319",,,126,,737,,"1,283",,"33,224",,"52,287",,"129,976",,
,,,,,,,,,,,,,,,,,,,,
Legislative District 24,,,,,,,,,,,,,,,,,,,,
Maricopa,,,,39,"32,803",,,96,,553,,"1,028",,"17,689",,"35,469",,"87,638",,
Total:,,,,39,"32,803",,,96,,553,,"1,028",,"17,689",,"35,469",,"87,638",,
,,,,,,,,,,,,,,,,,,,,
Legislative District 25,,,,,,,,,,,,,,,,,,,,
Maricopa,,,,47,"24,804",,,92,,817,,"1,435",,"46,557",,"41,380",,"115,085",,
Yuma,,,,21,"9,962",,,27,,349,,415,,"24,124",,"19,301",,"54,178",,
Total:,,,,68,"34,766",,,119,,"1,166",,"1,850",,"70,681",,"60,681",,"169,263",,
,,,,,,,,,,,,,,,,,,,,
Legislative District 26,,,,,,,,,,,,,,,,,,,,
Maricopa,,,,36,"31,484",,,108,,525,,957,,"14,774",,"31,861",,"79,709",,
Total:,,,,36,"31,484",,,108,,525,,957,,"14,774",,"31,861",,"79,709",,
,,,,,,,,,,,,,,,,,,,,
Legislative District 27,,,,,,,,,,,,,,,,,,,,
Maricopa,,,,54,"35,151",,,156,,"1,108",,"1,438",,"50,512",,"46,401",,"134,766",,
Total:,,,,54,"35,151",,,156,,"1,108",,"1,438",,"50,512",,"46,401",,"134,766",,
,,,,,,,,,,,,,,,,,,,,
Legislative District 28,,,,,,,,,,,,,,,,,,,,
Maricopa,,,,65,"34,556",,,95,,887,,"1,177",,"78,133",,"47,601",,"162,449",,
Total:,,,,65,"34,556",,,95,,887,,"1,177",,"78,133",,"47,601",,"162,449",,
,,,,,,,,,,,,,,,,,,,,
Legislative District 29,,,,,,,,,,,,,,,,,,,,
Maricopa,,,,49,"37,085",,,167,,"1,072",,"2,034",,"64,068",,"54,797",,"159,223",,
Total:,,,,49,"37,085",,,167,,"1,072",,"2,034",,"64,068",,"54,797",,"159,223",,
,,,,,,,,,,,,,,,,,,,,
Legislative District 30,,,,,,,,,,,,,,,,,,,,
La Paz,,,,11,"2,014",,,10,,75,,165,,"5,886",,"4,278",,"12,428",,
Maricopa,,,,2,716,,,2,,59,,52,,"3,382",,"1,532",,"5,743",,
Mohave,,,,22,"17,732",,,104,,950,,"1,219",,"84,284",,"44,720",,"149,009",,
Yavapai,,,,3,183,,,0,,9,,7,,"1,136",,410,,"1,745",,
Total:,,,,38,"20,645",,,116,,"1,093",,"1,443",,"94,688",,"50,940",,"168,925",,
,,,,,,,,,,,,,,,,,,,,
State Total:,,,,1764,"1,219,616",,,"5,058",,"30,648",,"41,484",,"1,550,566",,"1,484,627",,"4,331,999",,
Inactive,,,,,,,,,,,,,,,,,,,,
County,Precincts,,Date/Period,,,Democratic,,,Green,Libertarian,No Labels,,Arizona ,,Republican,,Other,,,Total
,,,,,,,,,,,,,,,,,,,,
Apache,44,,Jul-25,,,"1,367",,,5,30,13,,*,,893,,"1,236",,,"3,544"
,44,,Oct-25,,,"1,379",,,4,31,16,,*,,941,,"1,245",,,"3,616"
,44,,Jan-26,,,"1,353",,,4,28,*,,13,,911,,"1,219",,,"3,528"
,,,,,,,,,,,,,,,,,,,,
Cochise,55,,Jul-25,,,"1,153",,,6,81,35,,*,,"1,856",,"2,829",,,"5,960"
,55,,Oct-25,,,"1,120",,,6,77,32,,*,,"1,805",,"2,768",,,"5,808"
,55,,Jan-26,,,"1,655",,,11,101,*,,65,,"2,571",,"3,734",,,"8,137"
,,,,,,,,,,,,,,,,,,,,
Coconino,75,,Jul-25,,,"3,241",,,27,143,77,,*,,"2,009",,"4,826",,,"10,323"
,75,,Oct-25,,,"4,601",,,36,195,151,,*,,"2,909",,"6,442",,,"14,334"
,56,,Jan-26,,,"5,400",,,42,210,*,,163,,"3,255",,"7,203",,,"16,273"
,,,,,,,,,,,,,,,,,,,,
Gila,39,,Jul-25,,,415,,,2,23,42,,*,,934,,927,,,"2,343"
,39,,Oct-25,,,418,,,3,22,45,,*,,955,,933,,,"2,376"
,39,,Jan-26,,,477,,,4,23,*,,47,,"1,220",,"1,084",,,"2,855"
,,,,,,,,,,,,,,,,,,,,
Graham,23,,Jul-25,,,222,,,0,9,6,,*,,462,,442,,,"1,141"
,23,,Oct-25,,,228,,,0,11,7,,*,,467,,449,,,"1,162"
,23,,Jan-26,,,233,,,0,12,*,,8,,475,,447,,,"1,175"
,,,,,,,,,,,,,,,,,,,,
Greenlee,6,,Jul-25,,,62,,,1,2,4,,*,,120,,152,,,341
,6,,Oct-25,,,61,,,1,2,4,,*,,128,,166,,,362
,6,,Jan-26,,,37,,,0,3,*,,3,,101,,107,,,251
,,,,,,,,,,,,,,,,,,,,
La Paz,11,,Jul-25,,,159,,,0,7,12,,*,,386,,322,,,886
,11,,Oct-25,,,161,,,0,7,12,,*,,401,,338,,,919
,11,,Jan-26,,,195,,,0,7,*,,20,,479,,410,,,"1,111"
,,,,,,,,,,,,,,,,,,,,
Maricopa,906,,Jul-25,,,"66,578",,,323,"2,520","2,327",,*,,"61,690",,"115,552",,,"248,990"
,906,,Oct-25,,,"67,375",,,325,"2,539","2,359",,*,,"63,178",,"116,722",,,"252,498"
,956,,Jan-26,,,"104,481",,,558,"3,926",*,,"5,196",,"107,356",,"180,586",,,"402,103"
,,,,,,,,,,,,,,,,,,,,
Mohave,24,,Jul-25,,,"2,979",,,8,181,65,,*,,"8,915",,"8,026",,,"20,174"
,24,,Oct-25,,,"3,586",,,16,226,130,,*,,"11,474",,"10,073",,,"25,505"
,24,,Jan-26,,,"3,587",,,18,221,*,,134,,"11,547",,"10,187",,,"25,694"
,,,,,,,,,,,,,,,,,,,,
Navajo,21,,Jul-25,,,"1,211",,,2,55,38,,*,,"1,548",,"1,757",,,"4,611"
,21,,Oct-25,,,"1,223",,,2,58,34,,*,,"1,642",,"1,801",,,"4,760"
,21,,Jan-26,,,"1,203",,,2,56,*,,37,,"1,646",,"1,789",,,"4,733"
,,,,,,,,,,,,,,,,,,,,
Pima,265,,Jul-25,,,"15,681",,,80,457,160,,*,,"9,805",,"19,374",,,"45,557"
,265,,Oct-25,,,"15,500",,,81,446,156,,*,,"9,730",,"19,372",,,"45,285"
,265,,Jan-26,,,"22,953",,,155,593,*,,454,,"13,722",,"28,112",,,"65,989"
,,,,,,,,,,,,,,,,,,,,
Pinal,109,,Jul-25,,,"4,881",,,18,200,116,,*,,"6,640",,"10,121",,,"21,976"
,109,,Oct-25,,,"5,361",,,19,244,172,,*,,"7,806",,"11,550",,,"25,152"
,136,,Jan-26,,,"7,002",,,28,329,*,,347,,"11,419",,"15,935",,,"35,060"
,,,,,,,,,,,,,,,,,,,,
Santa Cruz,24,,Jul-25,,,438,,,1,5,9,,*,,179,,444,,,"1,076"
,24,,Oct-25,,,540,,,1,7,11,,*,,234,,558,,,"1,351"
,24,,Jan-26,,,561,,,1,7,*,,16,,246,,589,,,"1,420"
,,,,,,,,,,,,,,,,,,,,
Yavapai,57,,Jul-25,,,"2,001",,,5,144,123,,*,,"4,698",,"4,935",,,"11,906"
,57,,Oct-25,,,"2,316",,,7,162,151,,*,,"5,314",,"5,482",,,"13,432"
,57,,Jan-26,,,"2,700",,,9,179,*,,184,,"6,095",,"6,160",,,"15,327"
,,,,,,,,,,,,,,,,,,,,
Yuma,47,,Jul-25,,,"2,556",,,5,94,89,,*,,"2,985",,"6,072",,,"11,801"
,47,,Oct-25,,,"2,754",,,7,97,98,,*,,"3,212",,"6,363",,,"12,531"
,47,,Jan-26,,,"2,895",,,6,96,*,,96,,"3,437",,"6,797",,,"13,327"
,,,,,,,,,,,,,,,,,,,,
Totals:,"1,706",,Jul-25,,,"102,944",,,483,"3,951","3,116",,*,,"103,120",,"177,015",,,"390,629"
,"1,706",,Oct-25,,,"106,623",,,508,"4,124","3,378",,*,,"110,196",,"184,262",,,"409,091"
,"1,764",,Jan-26,,,"154,732",,,838,"5,791",*,,"6,783",,"164,480",,"264,359",,,"596,983"
,,,,,,,,,,,,,,,,,,,,
Percentages:,,,Jul-25,,,26.35,,,0.12,1.01,0.8,,*,,26.4,,45.32,,,
,,,Oct-25,,,26.06,,,0.12,1.01,0.83,,*,,26.94,,45.04,,,
,,,Jan-26,,,25.92,,,0.14,0.97,*,,1.14,,27.55,,44.28,,,
,,,,,,,,,,,,,,,,,,,,
Inactive,,,,,,,,,,,,,,,,,,,,
District,,,,Precincts,Democratic,,,Green,,Libertarian,,Arizona ,,Republican,,Other,,Total,,
,,,,,,,,,,,,,,,,,,,,
Congressional District 1,,,,,,,,,,,,,,,,,,,,
Maricopa,,,,210,"19,752",,,104,,815,,926,,"23,418",,"33,933",,"78,948",,
Total:,,,,210,"19,752",,,104,,815,,926,,"23,418",,"33,933",,"78,948",,
,,,,,,,,,,,,,,,,,,,,
Congressional District 2,,,,,,,,,,,,,,,,,,,,
Apache,,,,44,"1,353",,,4,,28,,13,,911,,"1,219",,"3,528",,
Coconino,,,,56,"5,400",,,42,,210,,163,,"3,255",,"7,203",,"16,273",,
Gila,,,,39,477,,,4,,23,,47,,"1,220",,"1,084",,"2,855",,
Graham,,,,2,95,,,0,,2,,0,,12,,57,,166,,
Maricopa,,,,6,70,,,1,,0,,1,,10,,73,,155,,
Mohave,,,,2,22,,,0,,0,,1,,10,,40,,73,,
Navajo,,,,21,"1,203",,,2,,56,,37,,"1,646",,"1,789",,"4,733",,
Pinal,,,,59,"2,662",,,6,,98,,115,,"3,670",,"5,662",,"12,213",,
Yavapai,,,,57,"2,700",,,9,,179,,184,,"6,095",,"6,160",,"15,327",,
Total:,,,,286,"13,982",,,68,,596,,561,,"16,829",,"23,287",,"55,323",,
,,,,,,,,,,,,,,,,,,,,
Congressional District 3,,,,,,,,,,,,,,,,,,,,
Maricopa,,,,135,"23,266",,,105,,495,,823,,"9,713",,"33,320",,"67,722",,
Total:,,,,135,"23,266",,,105,,495,,823,,"9,713",,"33,320",,"67,722",,
,,,,,,,,,,,,,,,,,,,,
Congressional District 4,,,,,,,,,,,,,,,,,,,,
Maricopa,,,,151,"22,767",,,153,,898,,"1,217",,"19,424",,"38,483",,"82,942",,
Total:,,,,151,"22,767",,,153,,898,,"1,217",,"19,424",,"38,483",,"82,942",,
,,,,,,,,,,,,,,,,,,,,
Congressional District 5,,,,,,,,,,,,,,,,,,,,
Maricopa,,,,127,"10,768",,,52,,581,,552,,"18,371",,"21,396",,"51,720",,
Pinal,,,,46,"2,656",,,19,,178,,135,,"5,589",,"6,528",,"15,105",,
Total:,,,,173,"13,424",,,71,,759,,687,,"23,960",,"27,924",,"66,825",,
,,,,,,,,,,,,,,,,,,,,
Congressional District 6,,,,,,,,,,,,,,,,,,,,
Cochise,,,,43,"1,162",,,8,,89,,53,,"2,319",,"2,995",,"6,626",,
Graham,,,,21,138,,,0,,10,,8,,463,,390,,"1,009",,
Greenlee,,,,6,37,,,0,,3,,3,,101,,107,,251,,
Pima,,,,151,"10,009",,,76,,320,,192,,"7,578",,"12,772",,"30,947",,
Pinal,,,,27,"1,585",,,2,,48,,90,,"1,975",,"3,514",,"7,214",,
Total:,,,,248,"12,931",,,86,,470,,346,,"12,436",,"19,778",,"46,047",,
,,,,,,,,,,,,,,,,,,,,
Congressional District 7,,,,,,,,,,,,,,,,,,,,
Cochise,,,,12,493,,,3,,12,,12,,252,,739,,"1,511",,
Maricopa,,,,24,"2,820",,,13,,80,,162,,"1,829",,"4,732",,"9,636",,
Pima,,,,114,"12,944",,,79,,273,,262,,"6,144",,"15,340",,"35,042",,
Pinal,,,,4,99,,,1,,5,,7,,185,,231,,528,,
Santa Cruz,,,,24,561,,,1,,7,,16,,246,,589,,"1,420",,
Yuma,,,,27,"2,112",,,5,,47,,60,,"1,685",,"4,525",,"8,434",,
Total:,,,,205,"19,029",,,102,,424,,519,,"10,341",,"26,156",,"56,571",,
,,,,,,,,,,,,,,,,,,,,
Congressional District 8,,,,,,,,,,,,,,,,,,,,
Maricopa,,,,186,"15,959",,,97,,636,,866,,"21,209",,"30,163",,"68,930",,
Total:,,,,186,"15,959",,,97,,636,,866,,"21,209",,"30,163",,"68,930",,
,,,,,,,,,,,,,,,,,,,,
Congressional District 9,,,,,,,,,,,,,,,,,,,,
La Paz,,,,11,195,,,0,,7,,20,,479,,410,,"1,111",,
Maricopa,,,,117,"9,079",,,33,,421,,649,,"13,382",,"18,486",,"42,050",,
Mohave,,,,22,"3,565",,,18,,221,,133,,"11,537",,"10,147",,"25,621",,
Yuma,,,,20,783,,,1,,49,,36,,"1,752",,"2,272",,"4,893",,
Total:,,,,170,"13,622",,,52,,698,,838,,"27,150",,"31,315",,"73,675",,
,,,,,,,,,,,,,,,,,,,,
Legislative District 1,,,,,,,,,,,,,,,,,,,,
Coconino,,,,1,80,,,1,,6,,3,,67,,145,,302,,
Yavapai,,,,54,"2,690",,,9,,178,,184,,"6,064",,"6,135",,"15,260",,
Total:,,,,55,"2,770",,,10,,184,,187,,"6,131",,"6,280",,"15,562",,
,,,,,,,,,,,,,,,,,,,,
Legislative District 2,,,,,,,,,,,,,,,,,,,,
Maricopa,,,,48,"5,643",,,22,,265,,312,,"6,369",,"11,361",,"23,972",,
Total:,,,,48,"5,643",,,22,,265,,312,,"6,369",,"11,361",,"23,972",,
,,,,,,,,,,,,,,,,,,,,
Legislative District 3,,,,,,,,,,,,,,,,,,,,
Maricopa,,,,61,"3,644",,,14,,158,,166,,"7,641",,"7,235",,"18,858",,
Total:,,,,61,"3,644",,,14,,158,,166,,"7,641",,"7,235",,"18,858",,
,,,,,,,,,,,,,,,,,,,,
Legislative District 4,,,,,,,,,,,,,,,,,,,,
Maricopa,,,,70,"5,970",,,32,,249,,314,,"8,157",,"10,363",,"25,085",,
Total:,,,,70,"5,970",,,32,,249,,314,,"8,157",,"10,363",,"25,085",,
,,,,,,,,,,,,,,,,,,,,
Legislative District 5,,,,,,,,,,,,,,,,,,,,
Maricopa,,,,58,"10,288",,,64,,277,,375,,"4,870",,"13,523",,"29,397",,
Total:,,,,58,"10,288",,,64,,277,,375,,"4,870",,"13,523",,"29,397",,
,,,,,,,,,,,,,,,,,,,,
Legislative District 6,,,,,,,,,,,,,,,,,,,,
Apache,,,,44,"1,353",,,4,,28,,13,,911,,"1,219",,"3,528",,
Coconino,,,,37,"2,883",,,26,,109,,87,,"1,712",,"3,705",,"8,522",,
Gila,,,,3,83,,,0,,0,,3,,15,,66,,167,,
Graham,,,,2,95,,,0,,2,,0,,12,,57,,166,,
Mohave,,,,2,22,,,0,,0,,1,,10,,40,,73,,
Navajo,,,,11,895,,,1,,17,,13,,358,,859,,"2,143",,
Pinal,,,,1,0,,,0,,0,,0,,0,,0,,0,,
Total:,,,,100,"5,331",,,31,,156,,117,,"3,018",,"5,946",,"14,599",,
,,,,,,,,,,,,,,,,,,,,
Legislative District 7,,,,,,,,,,,,,,,,,,,,
Coconino,,,,18,"2,437",,,15,,95,,73,,"1,476",,"3,353",,"7,449",,
Gila,,,,36,394,,,4,,23,,44,,"1,205",,"1,018",,"2,688",,
Navajo,,,,10,308,,,1,,39,,24,,"1,288",,930,,"2,590",,
Pinal,,,,33,"1,324",,,7,,56,,67,,"2,813",,"3,267",,"7,534",,
Total:,,,,97,"4,463",,,27,,213,,208,,"6,782",,"8,568",,"20,261",,
,,,,,,,,,,,,,,,,,,,,
Legislative District 8,,,,,,,,,,,,,,,,,,,,
Maricopa,,,,58,"10,239",,,79,,383,,528,,"6,984",,"16,651",,"34,864",,
Total:,,,,58,"10,239",,,79,,383,,528,,"6,984",,"16,651",,"34,864",,
,,,,,,,,,,,,,,,,,,,,
Legislative District 9,,,,,,,,,,,,,,,,,,,,
Maricopa,,,,40,"5,963",,,36,,266,,318,,"5,311",,"10,964",,"22,858",,
Total:,,,,40,"5,963",,,36,,266,,318,,"5,311",,"10,964",,"22,858",,
,,,,,,,,,,,,,,,,,,,,
Legislative District 10,,,,,,,,,,,,,,,,,,,,
Maricopa,,,,45,"4,062",,,29,,202,,220,,"6,932",,"8,209",,"19,654",,
Pinal,,,,3,233,,,1,,12,,14,,441,,603,,"1,304",,
Total:,,,,48,"4,295",,,30,,214,,234,,"7,373",,"8,812",,"20,958",,
,,,,,,,,,,,,,,,,,,,,
Legislative District 11,,,,,,,,,,,,,,,,,,,,
Maricopa,,,,44,"7,185",,,27,,148,,232,,"3,093",,"10,198",,"20,883",,
Total:,,,,44,"7,185",,,27,,148,,232,,"3,093",,"10,198",,"20,883",,
,,,,,,,,,,,,,,,,,,,,
Legislative District 12,,,,,,,,,,,,,,,,,,,,
Maricopa,,,,50,"6,774",,,45,,271,,341,,"5,214",,"10,599",,"23,244",,
Total:,,,,50,"6,774",,,45,,271,,341,,"5,214",,"10,599",,"23,244",,
,,,,,,,,,,,,,,,,,,,,
Legislative District 13,,,,,,,,,,,,,,,,,,,,
Maricopa,,,,45,"5,125",,,20,,217,,262,,"5,761",,"8,940",,"20,325",,
Total:,,,,45,"5,125",,,20,,217,,262,,"5,761",,"8,940",,"20,325",,
,,,,,,,,,,,,,,,,,,,,
Legislative District 14,,,,,,,,,,,,,,,,,,,,
Maricopa,,,,46,"3,942",,,18,,206,,197,,"7,008",,"8,009",,"19,380",,
Total:,,,,46,"3,942",,,18,,206,,197,,"7,008",,"8,009",,"19,380",,
,,,,,,,,,,,,,,,,,,,,
Legislative District 15,,,,,,,,,,,,,,,,,,,,
Maricopa,,,,31,"1,830",,,11,,129,,111,,"4,317",,"3,920",,"10,318",,
Pinal,,,,32,"1,831",,,14,,134,,89,,"3,759",,"4,294",,"10,121",,
Total:,,,,63,"3,661",,,25,,263,,200,,"8,076",,"8,214",,"20,439",,
,,,,,,,,,,,,,,,,,,,,
Legislative District 16,,,,,,,,,,,,,,,,,,,,
Maricopa,,,,5,68,,,1,,0,,1,,10,,69,,149,,
Pima,,,,14,525,,,5,,13,,11,,525,,675,,"1,754",,
Pinal,,,,61,"3,405",,,6,,124,,174,,"4,152",,"7,520",,"15,381",,
Total:,,,,80,"3,998",,,12,,137,,186,,"4,687",,"8,264",,"17,284",,
,,,,,,,,,,,,,,,,,,,,
Legislative District 17,,,,,,,,,,,,,,,,,,,,
Pima,,,,61,"2,621",,,19,,101,,37,,"2,846",,"3,688",,"9,312",,
Pinal,,,,5,197,,,0,,3,,3,,254,,236,,693,,
Total:,,,,66,"2,818",,,19,,104,,40,,"3,100",,"3,924",,"10,005",,
,,,,,,,,,,,,,,,,,,,,
Legislative District 18,,,,,,,,,,,,,,,,,,,,
Pima,,,,64,"5,988",,,50,,175,,123,,"3,399",,"6,989",,"16,724",,
Total:,,,,64,"5,988",,,50,,175,,123,,"3,399",,"6,989",,"16,724",,
,,,,,,,,,,,,,,,,,,,,
Legislative District 19,,,,,,,,,,,,,,,,,,,,
Cochise,,,,48,"1,474",,,9,,93,,59,,"2,456",,"3,476",,"7,567",,
Graham,,,,21,138,,,0,,10,,8,,463,,390,,"1,009",,
Greenlee,,,,6,37,,,0,,3,,3,,101,,107,,251,,
Pima,,,,16,691,,,2,,17,,5,,901,,895,,"2,511",,
Santa Cruz,,,,3,57,,,0,,0,,3,,36,,44,,140,,
Total:,,,,94,"2,397",,,11,,123,,78,,"3,957",,"4,912",,"11,478",,
,,,,,,,,,,,,,,,,,,,,
Legislative District 20,,,,,,,,,,,,,,,,,,,,
Pima,,,,54,"8,379",,,50,,169,,153,,"3,100",,"9,404",,"21,255",,
Total:,,,,54,"8,379",,,50,,169,,153,,"3,100",,"9,404",,"21,255",,
,,,,,,,,,,,,,,,,,,,,
Legislative District 21,,,,,,,,,,,,,,,,,,,,
Cochise,,,,7,181,,,2,,8,,6,,115,,258,,570,,
Pima,,,,38,"4,117",,,28,,110,,111,,"2,529",,"5,699",,"12,594",,
Santa Cruz,,,,21,504,,,1,,7,,13,,210,,545,,"1,280",,
Total:,,,,66,"4,802",,,31,,125,,130,,"2,854",,"6,502",,"14,444",,
,,,,,,,,,,,,,,,,,,,,
Legislative District 22,,,,,,,,,,,,,,,,,,,,
Maricopa,,,,41,"5,924",,,24,,163,,341,,"3,295",,"9,483",,"19,230",,
Total:,,,,41,"5,924",,,24,,163,,341,,"3,295",,"9,483",,"19,230",,
,,,,,,,,,,,,,,,,,,,,
Legislative District 23,,,,,,,,,,,,,,,,,,,,
Maricopa,,,,22,"1,463",,,3,,71,,102,,"1,805",,"2,927",,"6,371",,
Pima,,,,18,632,,,1,,8,,14,,422,,762,,"1,839",,
Pinal,,,,1,12,,,0,,0,,0,,0,,15,,27,,
Yuma,,,,26,"2,058",,,5,,47,,60,,"1,646",,"4,445",,"8,261",,
Total:,,,,67,"4,165",,,9,,126,,176,,"3,873",,"8,149",,"16,498",,
,,,,,,,,,,,,,,,,,,,,
Legislative District 24,,,,,,,,,,,,,,,,,,,,
Maricopa,,,,39,"5,244",,,22,,119,,204,,"2,954",,"8,575",,"17,118",,
Total:,,,,39,"5,244",,,22,,119,,204,,"2,954",,"8,575",,"17,118",,
,,,,,,,,,,,,,,,,,,,,
Legislative District 25,,,,,,,,,,,,,,,,,,,,
Maricopa,,,,47,"2,587",,,7,,124,,177,,"4,736",,"5,596",,"13,227",,
Yuma,,,,21,837,,,1,,49,,36,,"1,791",,"2,352",,"5,066",,
Total:,,,,68,"3,424",,,8,,173,,213,,"6,527",,"7,948",,"18,293",,
,,,,,,,,,,,,,,,,,,,,
Legislative District 26,,,,,,,,,,,,,,,,,,,,
Maricopa,,,,36,"5,552",,,22,,122,,194,,"2,954",,"9,017",,"17,861",,
Total:,,,,36,"5,552",,,22,,122,,194,,"2,954",,"9,017",,"17,861",,
,,,,,,,,,,,,,,,,,,,,
Legislative District 27,,,,,,,,,,,,,,,,,,,,
Maricopa,,,,54,"5,369",,,37,,231,,363,,"6,305",,"10,191",,"22,496",,
Total:,,,,54,"5,369",,,37,,231,,363,,"6,305",,"10,191",,"22,496",,
,,,,,,,,,,,,,,,,,,,,
Legislative District 28,,,,,,,,,,,,,,,,,,,,
Maricopa,,,,65,"3,248",,,23,,113,,133,,"6,655",,"5,827",,"15,999",,
Total:,,,,65,"3,248",,,23,,113,,133,,"6,655",,"5,827",,"15,999",,
,,,,,,,,,,,,,,,,,,,,
Legislative District 29,,,,,,,,,,,,,,,,,,,,
Maricopa,,,,49,"4,259",,,21,,208,,298,,"6,554",,"8,616",,"19,956",,
Total:,,,,49,"4,259",,,21,,208,,298,,"6,554",,"8,616",,"19,956",,
,,,,,,,,,,,,,,,,,,,,
Legislative District 30,,,,,,,,,,,,,,,,,,,,
La Paz,,,,11,195,,,0,,7,,20,,479,,410,,"1,111",,
Maricopa,,,,2,102,,,1,,4,,7,,431,,313,,858,,
Mohave,,,,22,"3,565",,,18,,221,,133,,"11,537",,"10,147",,"25,621",,
Yavapai,,,,3,10,,,0,,1,,0,,31,,25,,67,,
Total:,,,,38,"3,872",,,19,,233,,160,,"12,478",,"10,895",,"27,657",,
,,,,,,,,,,,,,,,,,,,,
State Total:,,,,1764,"154,732",,,838,,"5,791",,"6,783",,"164,480",,"264,359",,"596,983",,
